VADDPD;AVX;FM_ADD;A_NA;S_YES;T_FP;DATASZ_64b;DATASZ_128b;3;OPRN_MEMORY_MEM128b_READ;OPRN_REGISTER_XMM_READ;OPRN_REGISTER_XMM_WRITE;;0;
VADDPD;AVX;FM_ADD;A_NA;S_YES;T_FP;DATASZ_64b;DATASZ_256b;3;OPRN_MEMORY_MEM256b_READ;OPRN_REGISTER_YMM_READ;OPRN_REGISTER_YMM_WRITE;;0;
VADDPS;AVX;FM_ADD;A_NA;S_YES;T_FP;DATASZ_32b;DATASZ_128b;3;OPRN_MEMORY_MEM128b_READ;OPRN_REGISTER_XMM_READ;OPRN_REGISTER_XMM_WRITE;;0;
VADDPS;AVX;FM_ADD;A_NA;S_YES;T_FP;DATASZ_32b;DATASZ_256b;3;OPRN_MEMORY_MEM256b_READ;OPRN_REGISTER_YMM_READ;OPRN_REGISTER_YMM_WRITE;;0;
VADDSD;AVX;FM_ADD;A_NA;S_YES;T_FP;DATASZ_64b;DATASZ_64b;3;OPRN_MEMORY_MEM64b_READ;OPRN_REGISTER_XMM_READ;OPRN_REGISTER_XMM_WRITE;;0;
VADDSS;AVX;FM_ADD;A_NA;S_YES;T_FP;DATASZ_32b;DATASZ_32b;3;OPRN_MEMORY_MEM32b_READ;OPRN_REGISTER_XMM_READ;OPRN_REGISTER_XMM_WRITE;;0;
VADDSUBPD;AVX;FM_ADD;A_NA;S_YES;T_FP;DATASZ_64b;DATASZ_128b;3;OPRN_MEMORY_MEM128b_READ;OPRN_REGISTER_XMM_READ;OPRN_REGISTER_XMM_WRITE;;0;
VADDSUBPD;AVX;FM_ADD;A_NA;S_YES;T_FP;DATASZ_64b;DATASZ_256b;3;OPRN_MEMORY_MEM256b_READ;OPRN_REGISTER_YMM_READ;OPRN_REGISTER_YMM_WRITE;;0;
VADDSUBPS;AVX;FM_ADD;A_NA;S_YES;T_FP;DATASZ_32b;DATASZ_128b;3;OPRN_MEMORY_MEM128b_READ;OPRN_REGISTER_XMM_READ;OPRN_REGISTER_XMM_WRITE;;0;
VADDSUBPS;AVX;FM_ADD;A_NA;S_YES;T_FP;DATASZ_32b;DATASZ_256b;3;OPRN_MEMORY_MEM256b_READ;OPRN_REGISTER_YMM_READ;OPRN_REGISTER_YMM_WRITE;;0;
VAESDECLAST;AES_AVX;FM_CRYPTO;A_NA;S_YES;T_UNDEF;DATASZ_128b;DATASZ_128b;3;OPRN_MEMORY_MEM128b_READ;OPRN_REGISTER_XMM_READ;OPRN_REGISTER_XMM_WRITE;;0;
VAESDEC;AES_AVX;FM_CRYPTO;A_NA;S_YES;T_UNDEF;DATASZ_128b;DATASZ_128b;3;OPRN_MEMORY_MEM128b_READ;OPRN_REGISTER_XMM_READ;OPRN_REGISTER_XMM_WRITE;;0;
VAESENCLAST;AES_AVX;FM_CRYPTO;A_NA;S_YES;T_UNDEF;DATASZ_128b;DATASZ_128b;3;OPRN_MEMORY_MEM128b_READ;OPRN_REGISTER_XMM_READ;OPRN_REGISTER_XMM_WRITE;;0;
VAESENC;AES_AVX;FM_CRYPTO;A_NA;S_YES;T_UNDEF;DATASZ_128b;DATASZ_128b;3;OPRN_MEMORY_MEM128b_READ;OPRN_REGISTER_XMM_READ;OPRN_REGISTER_XMM_WRITE;;0;
VAESIMC;AES_AVX;FM_CRYPTO;A_NA;S_YES;T_UNDEF;DATASZ_128b;DATASZ_128b;2;OPRN_MEMORY_MEM128b_READ;OPRN_REGISTER_XMM_WRITE;;;0;
VAESKEYGENASSIST;AES_AVX;FM_CRYPTO;A_NA;S_YES;T_UNDEF;DATASZ_128b;DATASZ_128b;3;OPRN_IMMEDIATE_BYTE_ROLE_UNDEF;OPRN_MEMORY_MEM128b_READ;OPRN_REGISTER_XMM_WRITE;;0;
VANDNPD;AVX;FM_AND;A_NA;S_YES;T_FP;DATASZ_64b;DATASZ_128b;3;OPRN_MEMORY_MEM128b_READ;OPRN_REGISTER_XMM_READ;OPRN_REGISTER_XMM_WRITE;;0;
VANDNPD;AVX;FM_AND;A_NA;S_YES;T_FP;DATASZ_64b;DATASZ_256b;3;OPRN_MEMORY_MEM256b_READ;OPRN_REGISTER_YMM_READ;OPRN_REGISTER_YMM_WRITE;;0;
VANDNPS;AVX;FM_AND;A_NA;S_YES;T_FP;DATASZ_32b;DATASZ_128b;3;OPRN_MEMORY_MEM128b_READ;OPRN_REGISTER_XMM_READ;OPRN_REGISTER_XMM_WRITE;;0;
VANDNPS;AVX;FM_AND;A_NA;S_YES;T_FP;DATASZ_32b;DATASZ_256b;3;OPRN_MEMORY_MEM256b_READ;OPRN_REGISTER_YMM_READ;OPRN_REGISTER_YMM_WRITE;;0;
VANDPD;AVX;FM_AND;A_NA;S_YES;T_FP;DATASZ_64b;DATASZ_128b;3;OPRN_MEMORY_MEM128b_READ;OPRN_REGISTER_XMM_READ;OPRN_REGISTER_XMM_WRITE;;0;
VANDPD;AVX;FM_AND;A_NA;S_YES;T_FP;DATASZ_64b;DATASZ_256b;3;OPRN_MEMORY_MEM256b_READ;OPRN_REGISTER_YMM_READ;OPRN_REGISTER_YMM_WRITE;;0;
VANDPS;AVX;FM_AND;A_NA;S_YES;T_FP;DATASZ_32b;DATASZ_128b;3;OPRN_MEMORY_MEM128b_READ;OPRN_REGISTER_XMM_READ;OPRN_REGISTER_XMM_WRITE;;0;
VANDPS;AVX;FM_AND;A_NA;S_YES;T_FP;DATASZ_32b;DATASZ_256b;3;OPRN_MEMORY_MEM256b_READ;OPRN_REGISTER_YMM_READ;OPRN_REGISTER_YMM_WRITE;;0;
VBLENDPD;AVX;FM_MERGE;A_NA;S_YES;T_FP;DATASZ_64b;DATASZ_128b;4;OPRN_IMMEDIATE_BYTE_ROLE_UNDEF;OPRN_MEMORY_MEM128b_READ;OPRN_REGISTER_XMM_READ;OPRN_REGISTER_XMM_WRITE;0;
VBLENDPD;AVX;FM_MERGE;A_NA;S_YES;T_FP;DATASZ_64b;DATASZ_256b;4;OPRN_IMMEDIATE_BYTE_ROLE_UNDEF;OPRN_MEMORY_MEM256b_READ;OPRN_REGISTER_YMM_READ;OPRN_REGISTER_YMM_WRITE;0;
VBLENDPS;AVX;FM_MERGE;A_NA;S_YES;T_FP;DATASZ_32b;DATASZ_128b;4;OPRN_IMMEDIATE_BYTE_ROLE_UNDEF;OPRN_MEMORY_MEM128b_READ;OPRN_REGISTER_XMM_READ;OPRN_REGISTER_XMM_WRITE;0;
VBLENDPS;AVX;FM_MERGE;A_NA;S_YES;T_FP;DATASZ_32b;DATASZ_256b;4;OPRN_IMMEDIATE_BYTE_ROLE_UNDEF;OPRN_MEMORY_MEM256b_READ;OPRN_REGISTER_YMM_READ;OPRN_REGISTER_YMM_WRITE;0;
VBLENDVPD;AVX;FM_MERGE;A_NA;S_YES;T_FP;DATASZ_64b;DATASZ_128b;4;OPRN_REGISTER_XMM_READ;OPRN_MEMORY_MEM128b_READ;OPRN_REGISTER_XMM_READ;OPRN_REGISTER_XMM_WRITE;0;
VBLENDVPD;AVX;FM_MERGE;A_NA;S_YES;T_FP;DATASZ_64b;DATASZ_256b;4;OPRN_REGISTER_YMM_READ;OPRN_MEMORY_MEM256b_READ;OPRN_REGISTER_YMM_READ;OPRN_REGISTER_YMM_WRITE;0;
VBLENDVPS;AVX;FM_MERGE;A_NA;S_YES;T_FP;DATASZ_32b;DATASZ_128b;4;OPRN_REGISTER_XMM_READ;OPRN_MEMORY_MEM128b_READ;OPRN_REGISTER_XMM_READ;OPRN_REGISTER_XMM_WRITE;0;
VBLENDVPS;AVX;FM_MERGE;A_NA;S_YES;T_FP;DATASZ_32b;DATASZ_256b;4;OPRN_REGISTER_YMM_READ;OPRN_MEMORY_MEM256b_READ;OPRN_REGISTER_YMM_READ;OPRN_REGISTER_YMM_WRITE;0;
VBROADCASTF128;AVX;FM_BROADCAST;A_NA;S_YES;T_FP;DATASZ_128b;DATASZ_128b;2;OPRN_MEMORY_MEM128b_READ;OPRN_REGISTER_YMM_WRITE;;;0;
VBROADCASTI128;AVX2;FM_BROADCAST;A_NA;S_YES;T_INT;DATASZ_128b;DATASZ_128b;2;OPRN_MEMORY_MEM128b_READ;OPRN_REGISTER_YMM_WRITE;;;0;
VBROADCASTSD;AVX;FM_BROADCAST;A_NA;S_YES;T_FP;DATASZ_64b;DATASZ_64b;2;OPRN_MEMORY_MEM64b_READ;OPRN_REGISTER_YMM_WRITE;;;0;
VBROADCASTSS;AVX;FM_BROADCAST;A_NA;S_YES;T_FP;DATASZ_32b;DATASZ_32b;2;OPRN_MEMORY_MEM32b_READ;OPRN_REGISTER_XMM_WRITE;;;0;
VBROADCASTSS;AVX;FM_BROADCAST;A_NA;S_YES;T_FP;DATASZ_32b;DATASZ_32b;2;OPRN_MEMORY_MEM32b_READ;OPRN_REGISTER_YMM_WRITE;;;0;
VCMPPD;AVX;FM_CMP;A_NA;S_YES;T_FP;DATASZ_64b;DATASZ_128b;4;OPRN_IMMEDIATE_BYTE_ROLE_UNDEF;OPRN_MEMORY_MEM128b_READ;OPRN_REGISTER_XMM_READ;OPRN_REGISTER_XMM_WRITE;0;
VCMPPD;AVX;FM_CMP;A_NA;S_YES;T_FP;DATASZ_64b;DATASZ_256b;4;OPRN_IMMEDIATE_BYTE_ROLE_UNDEF;OPRN_MEMORY_MEM256b_READ;OPRN_REGISTER_YMM_READ;OPRN_REGISTER_YMM_WRITE;0;
VCMPPS;AVX;FM_CMP;A_NA;S_YES;T_FP;DATASZ_32b;DATASZ_128b;4;OPRN_IMMEDIATE_BYTE_ROLE_UNDEF;OPRN_MEMORY_MEM128b_READ;OPRN_REGISTER_XMM_READ;OPRN_REGISTER_XMM_WRITE;0;
VCMPPS;AVX;FM_CMP;A_NA;S_YES;T_FP;DATASZ_32b;DATASZ_256b;4;OPRN_IMMEDIATE_BYTE_ROLE_UNDEF;OPRN_MEMORY_MEM256b_READ;OPRN_REGISTER_YMM_READ;OPRN_REGISTER_YMM_WRITE;0;
VCMPSD;AVX;FM_CMP;A_NA;S_YES;T_FP;DATASZ_64b;DATASZ_64b;4;OPRN_IMMEDIATE_BYTE_ROLE_UNDEF;OPRN_MEMORY_MEM64b_READ;OPRN_REGISTER_XMM_READ;OPRN_REGISTER_XMM_WRITE;0;
VCMPSS;AVX;FM_CMP;A_NA;S_YES;T_FP;DATASZ_32b;DATASZ_32b;4;OPRN_IMMEDIATE_BYTE_ROLE_UNDEF;OPRN_MEMORY_MEM32b_READ;OPRN_REGISTER_XMM_READ;OPRN_REGISTER_XMM_WRITE;0;
VCOMISD;AVX;FM_CMP;A_NA;S_YES;T_FP;DATASZ_64b;DATASZ_64b;2;OPRN_MEMORY_MEM64b_READ;OPRN_REGISTER_XMM_READ;;;0;
VCOMISS;AVX;FM_CMP;A_NA;S_YES;T_FP;DATASZ_32b;DATASZ_32b;2;OPRN_MEMORY_MEM32b_READ;OPRN_REGISTER_XMM_READ;;;0;
VCVTDQ2PD;AVX;FM_CVT;A_NA;S_YES;T_SINT;DATASZ_32b;DATASZ_128b;2;OPRN_MEMORY_MEM128b_READ;OPRN_REGISTER_YMM_WRITE;;;0;
VCVTDQ2PD;AVX;FM_CVT;A_NA;S_YES;T_SINT;DATASZ_32b;DATASZ_64b;2;OPRN_MEMORY_MEM64b_READ;OPRN_REGISTER_XMM_WRITE;;;0;
VCVTDQ2PS;AVX;FM_CVT;A_NA;S_YES;T_SINT;DATASZ_32b;DATASZ_128b;2;OPRN_MEMORY_MEM128b_READ;OPRN_REGISTER_XMM_WRITE;;;0;
VCVTDQ2PS;AVX;FM_CVT;A_NA;S_YES;T_SINT;DATASZ_32b;DATASZ_256b;2;OPRN_MEMORY_MEM256b_READ;OPRN_REGISTER_YMM_WRITE;;;0;
VCVTPD2DQ;AVX;FM_CVT;A_NA;S_YES;T_FP;DATASZ_64b;DATASZ_128b;2;OPRN_MEMORY_MEM128b_READ;OPRN_REGISTER_XMM_WRITE;;;0;
VCVTPD2DQ;AVX;FM_CVT;A_NA;S_YES;T_FP;DATASZ_64b;DATASZ_256b;2;OPRN_MEMORY_MEM256b_READ;OPRN_REGISTER_XMM_WRITE;;;0;
VCVTPD2PS;AVX;FM_CVT;A_NA;S_YES;T_FP;DATASZ_64b;DATASZ_128b;2;OPRN_MEMORY_MEM128b_READ;OPRN_REGISTER_XMM_WRITE;;;0;
VCVTPD2PS;AVX;FM_CVT;A_NA;S_YES;T_FP;DATASZ_64b;DATASZ_256b;2;OPRN_MEMORY_MEM256b_READ;OPRN_REGISTER_XMM_WRITE;;;0;
VCVTPS2DQ;AVX;FM_CVT;A_NA;S_YES;T_FP;DATASZ_32b;DATASZ_128b;2;OPRN_MEMORY_MEM128b_READ;OPRN_REGISTER_XMM_WRITE;;;0;
VCVTPS2DQ;AVX;FM_CVT;A_NA;S_YES;T_FP;DATASZ_32b;DATASZ_256b;2;OPRN_MEMORY_MEM256b_READ;OPRN_REGISTER_YMM_WRITE;;;0;
VCVTPS2PD;AVX;FM_CVT;A_NA;S_YES;T_FP;DATASZ_32b;DATASZ_128b;2;OPRN_MEMORY_MEM128b_READ;OPRN_REGISTER_YMM_WRITE;;;0;
VCVTPS2PD;AVX;FM_CVT;A_NA;S_YES;T_FP;DATASZ_32b;DATASZ_64b;2;OPRN_MEMORY_MEM64b_READ;OPRN_REGISTER_XMM_WRITE;;;0;
VCVTSD2SI;AVX;FM_CVT;A_NA;S_YES;T_FP;DATASZ_64b;DATASZ_64b;2;OPRN_MEMORY_MEM64b_READ;OPRN_REGISTER_STDLONG_WRITE;;;0;
VCVTSD2SI;AVX;FM_CVT;A_NA;S_YES;T_FP;DATASZ_64b;DATASZ_64b;2;OPRN_MEMORY_MEM64b_READ;OPRN_REGISTER_STDQUAD_WRITE;;;0;
VCVTSD2SS;AVX;FM_CVT;A_NA;S_YES;T_FP;DATASZ_64b;DATASZ_64b;3;OPRN_MEMORY_MEM64b_READ;OPRN_REGISTER_XMM_READ;OPRN_REGISTER_XMM_WRITE;;0;
VCVTSI2SD;AVX;FM_CVT;A_NA;S_YES;T_SINT;DATASZ_32b;DATASZ_32b;3;OPRN_MEMORY_MEM32b_READ;OPRN_REGISTER_XMM_READ;OPRN_REGISTER_XMM_WRITE;;0;
VCVTSI2SD;AVX;FM_CVT;A_NA;S_YES;T_SINT;DATASZ_64b;DATASZ_64b;3;OPRN_MEMORY_MEM64b_READ;OPRN_REGISTER_XMM_READ;OPRN_REGISTER_XMM_WRITE;;0;
VCVTSI2SS;AVX;FM_CVT;A_NA;S_YES;T_SINT;DATASZ_32b;DATASZ_32b;3;OPRN_MEMORY_MEM32b_READ;OPRN_REGISTER_XMM_READ;OPRN_REGISTER_XMM_WRITE;;0;
VCVTSI2SS;AVX;FM_CVT;A_NA;S_YES;T_SINT;DATASZ_64b;DATASZ_64b;3;OPRN_MEMORY_MEM64b_READ;OPRN_REGISTER_XMM_READ;OPRN_REGISTER_XMM_WRITE;;0;
VCVTSS2SD;AVX;FM_CVT;A_NA;S_YES;T_FP;DATASZ_32b;DATASZ_32b;3;OPRN_MEMORY_MEM32b_READ;OPRN_REGISTER_XMM_READ;OPRN_REGISTER_XMM_WRITE;;0;
VCVTSS2SI;AVX;FM_CVT;A_NA;S_YES;T_FP;DATASZ_32b;DATASZ_32b;2;OPRN_MEMORY_MEM32b_READ;OPRN_REGISTER_STDLONG_WRITE;;;0;
VCVTSS2SI;AVX;FM_CVT;A_NA;S_YES;T_FP;DATASZ_32b;DATASZ_32b;2;OPRN_MEMORY_MEM32b_READ;OPRN_REGISTER_STDQUAD_WRITE;;;0;
VCVTTPD2DQ;AVX;FM_CVT;A_NA;S_YES;T_FP;DATASZ_64b;DATASZ_128b;2;OPRN_MEMORY_MEM128b_READ;OPRN_REGISTER_XMM_WRITE;;;0;
VCVTTPD2DQ;AVX;FM_CVT;A_NA;S_YES;T_FP;DATASZ_64b;DATASZ_256b;2;OPRN_MEMORY_MEM256b_READ;OPRN_REGISTER_XMM_WRITE;;;0;
VCVTTPS2DQ;AVX;FM_CVT;A_NA;S_YES;T_FP;DATASZ_32b;DATASZ_128b;2;OPRN_MEMORY_MEM128b_READ;OPRN_REGISTER_XMM_WRITE;;;0;
VCVTTPS2DQ;AVX;FM_CVT;A_NA;S_YES;T_FP;DATASZ_32b;DATASZ_256b;2;OPRN_MEMORY_MEM256b_READ;OPRN_REGISTER_YMM_WRITE;;;0;
VCVTTSD2SI;AVX;FM_CVT;A_NA;S_YES;T_FP;DATASZ_64b;DATASZ_64b;2;OPRN_MEMORY_MEM64b_READ;OPRN_REGISTER_STDLONG_WRITE;;;0;
VCVTTSD2SI;AVX;FM_CVT;A_NA;S_YES;T_FP;DATASZ_64b;DATASZ_64b;2;OPRN_MEMORY_MEM64b_READ;OPRN_REGISTER_STDQUAD_WRITE;;;0;
VCVTTSS2SI;AVX;FM_CVT;A_NA;S_YES;T_FP;DATASZ_32b;DATASZ_32b;2;OPRN_MEMORY_MEM32b_READ;OPRN_REGISTER_STDLONG_WRITE;;;0;
VCVTTSS2SI;AVX;FM_CVT;A_NA;S_YES;T_FP;DATASZ_32b;DATASZ_32b;2;OPRN_MEMORY_MEM32b_READ;OPRN_REGISTER_STDQUAD_WRITE;;;0;
VDIVPD;AVX;FM_DIV;A_NA;S_YES;T_FP;DATASZ_64b;DATASZ_128b;3;OPRN_MEMORY_MEM128b_READ;OPRN_REGISTER_XMM_READ;OPRN_REGISTER_XMM_WRITE;;0;
VDIVPD;AVX;FM_DIV;A_NA;S_YES;T_FP;DATASZ_64b;DATASZ_256b;3;OPRN_MEMORY_MEM256b_READ;OPRN_REGISTER_YMM_READ;OPRN_REGISTER_YMM_WRITE;;0;
VDIVPS;AVX;FM_DIV;A_NA;S_YES;T_FP;DATASZ_32b;DATASZ_128b;3;OPRN_MEMORY_MEM128b_READ;OPRN_REGISTER_XMM_READ;OPRN_REGISTER_XMM_WRITE;;0;
VDIVPS;AVX;FM_DIV;A_NA;S_YES;T_FP;DATASZ_32b;DATASZ_256b;3;OPRN_MEMORY_MEM256b_READ;OPRN_REGISTER_YMM_READ;OPRN_REGISTER_YMM_WRITE;;0;
VDIVSD;AVX;FM_DIV;A_NA;S_YES;T_FP;DATASZ_64b;DATASZ_64b;3;OPRN_MEMORY_MEM64b_READ;OPRN_REGISTER_XMM_READ;OPRN_REGISTER_XMM_WRITE;;0;
VDIVSS;AVX;FM_DIV;A_NA;S_YES;T_FP;DATASZ_32b;DATASZ_32b;3;OPRN_MEMORY_MEM32b_READ;OPRN_REGISTER_XMM_READ;OPRN_REGISTER_XMM_WRITE;;0;
VDPPD;AVX;FM_OTHER_ARITH;A_NA;S_YES;T_FP;DATASZ_64b;DATASZ_128b;4;OPRN_IMMEDIATE_BYTE_ROLE_UNDEF;OPRN_MEMORY_MEM128b_READ;OPRN_REGISTER_XMM_READ;OPRN_REGISTER_XMM_WRITE;0;
VDPPS;AVX;FM_OTHER_ARITH;A_NA;S_YES;T_FP;DATASZ_32b;DATASZ_128b;4;OPRN_IMMEDIATE_BYTE_ROLE_UNDEF;OPRN_MEMORY_MEM128b_READ;OPRN_REGISTER_XMM_READ;OPRN_REGISTER_XMM_WRITE;0;
VDPPS;AVX;FM_OTHER_ARITH;A_NA;S_YES;T_FP;DATASZ_32b;DATASZ_256b;4;OPRN_IMMEDIATE_BYTE_ROLE_UNDEF;OPRN_MEMORY_MEM256b_READ;OPRN_REGISTER_YMM_READ;OPRN_REGISTER_YMM_WRITE;0;
VEXTRACTF128;AVX;FM_MERGE;A_NA;S_YES;T_FP;DATASZ_128b;DATASZ_128b;3;OPRN_IMMEDIATE_BYTE_ROLE_UNDEF;OPRN_REGISTER_YMM_READ;OPRN_MEMORY_MEM128b_WRITE;;0;
VEXTRACTI128;AVX2;FM_MERGE;A_NA;S_YES;T_INT;DATASZ_128b;DATASZ_128b;3;OPRN_IMMEDIATE_BYTE_ROLE_UNDEF;OPRN_REGISTER_YMM_READ;OPRN_MEMORY_MEM128b_WRITE;;0;
VEXTRACTPS;AVX;FM_MERGE;A_NA;S_YES;T_FP;DATASZ_32b;DATASZ_32b;3;OPRN_IMMEDIATE_BYTE_ROLE_UNDEF;OPRN_REGISTER_XMM_READ;OPRN_MEMORY_MEM32b_WRITE;;0;
VGATHERDPD;AVX2;FM_GATHER;A_NA;S_YES;T_FP;DATASZ_64b;DATASZ_128b;3;OPRN_REGISTER_XMM_READ_WRITE;OPRN_MEMORY_MEM128b_READ;OPRN_REGISTER_XMM_READ_WRITE;;0;
VGATHERDPD;AVX2;FM_GATHER;A_NA;S_YES;T_FP;DATASZ_64b;DATASZ_256b;3;OPRN_REGISTER_YMM_READ_WRITE;OPRN_MEMORY_MEM256b_READ;OPRN_REGISTER_YMM_READ_WRITE;;0;
VGATHERDPS;AVX2;FM_GATHER;A_NA;S_YES;T_FP;DATASZ_32b;DATASZ_128b;3;OPRN_REGISTER_XMM_READ_WRITE;OPRN_MEMORY_MEM128b_READ;OPRN_REGISTER_XMM_READ_WRITE;;0;
VGATHERDPS;AVX2;FM_GATHER;A_NA;S_YES;T_FP;DATASZ_32b;DATASZ_256b;3;OPRN_REGISTER_YMM_READ_WRITE;OPRN_MEMORY_MEM256b_READ;OPRN_REGISTER_YMM_READ_WRITE;;0;
VGATHERQPD;AVX2;FM_GATHER;A_NA;S_YES;T_FP;DATASZ_64b;DATASZ_128b;3;OPRN_REGISTER_XMM_READ_WRITE;OPRN_MEMORY_MEM128b_READ;OPRN_REGISTER_XMM_READ_WRITE;;0;
VGATHERQPD;AVX2;FM_GATHER;A_NA;S_YES;T_FP;DATASZ_64b;DATASZ_256b;3;OPRN_REGISTER_YMM_READ_WRITE;OPRN_MEMORY_MEM256b_READ;OPRN_REGISTER_YMM_READ_WRITE;;0;
VGATHERQPS;AVX2;FM_GATHER;A_NA;S_YES;T_FP;DATASZ_32b;DATASZ_128b;3;OPRN_REGISTER_XMM_READ_WRITE;OPRN_MEMORY_MEM128b_READ;OPRN_REGISTER_XMM_READ_WRITE;;0;
VGATHERQPS;AVX2;FM_GATHER;A_NA;S_YES;T_FP;DATASZ_32b;DATASZ_64b;3;OPRN_REGISTER_XMM_READ_WRITE;OPRN_MEMORY_MEM64b_READ;OPRN_REGISTER_XMM_READ_WRITE;;0;
VHADDPD;AVX;FM_ADD;A_NA;S_YES;T_FP;DATASZ_64b;DATASZ_128b;3;OPRN_MEMORY_MEM128b_READ;OPRN_REGISTER_XMM_READ;OPRN_REGISTER_XMM_WRITE;;0;
VHADDPD;AVX;FM_ADD;A_NA;S_YES;T_FP;DATASZ_64b;DATASZ_256b;3;OPRN_MEMORY_MEM256b_READ;OPRN_REGISTER_YMM_READ;OPRN_REGISTER_YMM_WRITE;;0;
VHADDPS;AVX;FM_ADD;A_NA;S_YES;T_FP;DATASZ_32b;DATASZ_128b;3;OPRN_MEMORY_MEM128b_READ;OPRN_REGISTER_XMM_READ;OPRN_REGISTER_XMM_WRITE;;0;
VHADDPS;AVX;FM_ADD;A_NA;S_YES;T_FP;DATASZ_32b;DATASZ_256b;3;OPRN_MEMORY_MEM256b_READ;OPRN_REGISTER_YMM_READ;OPRN_REGISTER_YMM_WRITE;;0;
VHSUBPD;AVX;FM_SUB;A_NA;S_YES;T_FP;DATASZ_64b;DATASZ_128b;3;OPRN_MEMORY_MEM128b_READ;OPRN_REGISTER_XMM_READ;OPRN_REGISTER_XMM_WRITE;;0;
VHSUBPD;AVX;FM_SUB;A_NA;S_YES;T_FP;DATASZ_64b;DATASZ_256b;3;OPRN_MEMORY_MEM256b_READ;OPRN_REGISTER_YMM_READ;OPRN_REGISTER_YMM_WRITE;;0;
VHSUBPS;AVX;FM_SUB;A_NA;S_YES;T_FP;DATASZ_32b;DATASZ_128b;3;OPRN_MEMORY_MEM128b_READ;OPRN_REGISTER_XMM_READ;OPRN_REGISTER_XMM_WRITE;;0;
VHSUBPS;AVX;FM_SUB;A_NA;S_YES;T_FP;DATASZ_32b;DATASZ_256b;3;OPRN_MEMORY_MEM256b_READ;OPRN_REGISTER_YMM_READ;OPRN_REGISTER_YMM_WRITE;;0;
VINSERTF128;AVX;FM_MERGE;A_NA;S_YES;T_FP;DATASZ_128b;DATASZ_128b;4;OPRN_IMMEDIATE_BYTE_ROLE_UNDEF;OPRN_MEMORY_MEM128b_READ;OPRN_REGISTER_YMM_READ;OPRN_REGISTER_YMM_WRITE;0;
VINSERTI128;AVX2;FM_MERGE;A_NA;S_YES;T_INT;DATASZ_128b;DATASZ_128b;4;OPRN_IMMEDIATE_BYTE_ROLE_UNDEF;OPRN_MEMORY_MEM128b_READ;OPRN_REGISTER_YMM_READ;OPRN_REGISTER_YMM_WRITE;0;
VINSERTPS;AVX;FM_MERGE;A_NA;S_YES;T_FP;DATASZ_32b;DATASZ_32b;4;OPRN_IMMEDIATE_BYTE_ROLE_UNDEF;OPRN_MEMORY_MEM32b_READ;OPRN_REGISTER_XMM_READ;OPRN_REGISTER_XMM_WRITE;0;
VLDDQU;AVX;FM_MOV;A_NA;S_YES;T_UINT;DATASZ_128b;DATASZ_128b;2;OPRN_MEMORY_MEM128b_READ;OPRN_REGISTER_XMM_WRITE;;;0;
VLDDQU;AVX;FM_MOV;A_NA;S_YES;T_UINT;DATASZ_128b;DATASZ_256b;2;OPRN_MEMORY_MEM256b_READ;OPRN_REGISTER_YMM_WRITE;;;0;
VLDMXCSR;AVX;FM_ENV;A_NA;S_NO;T_UNDEF;DATASZ_32b;DATASZ_UNDEF;1;OPRN_MEMORY_MEM32b_READ;;;;0;
VMASKMOVPD;AVX;FM_MMOV;A_NA;S_YES;T_FP;DATASZ_64b;DATASZ_128b;3;OPRN_MEMORY_MEM128b_READ;OPRN_REGISTER_XMM_READ;OPRN_REGISTER_XMM_WRITE;;0;
VMASKMOVPD;AVX;FM_MMOV;A_NA;S_YES;T_FP;DATASZ_64b;DATASZ_128b;3;OPRN_REGISTER_XMM_READ;OPRN_REGISTER_XMM_READ;OPRN_MEMORY_MEM128b_WRITE;;0;
VMASKMOVPD;AVX;FM_MMOV;A_NA;S_YES;T_FP;DATASZ_64b;DATASZ_256b;3;OPRN_MEMORY_MEM256b_READ;OPRN_REGISTER_YMM_READ;OPRN_REGISTER_YMM_WRITE;;0;
VMASKMOVPD;AVX;FM_MMOV;A_NA;S_YES;T_FP;DATASZ_64b;DATASZ_256b;3;OPRN_REGISTER_YMM_READ;OPRN_REGISTER_YMM_READ;OPRN_MEMORY_MEM256b_WRITE;;0;
VMASKMOVPS;AVX;FM_MMOV;A_NA;S_YES;T_FP;DATASZ_32b;DATASZ_128b;3;OPRN_MEMORY_MEM128b_READ;OPRN_REGISTER_XMM_READ;OPRN_REGISTER_XMM_WRITE;;0;
VMASKMOVPS;AVX;FM_MMOV;A_NA;S_YES;T_FP;DATASZ_32b;DATASZ_128b;3;OPRN_REGISTER_XMM_READ;OPRN_REGISTER_XMM_READ;OPRN_MEMORY_MEM128b_WRITE;;0;
VMASKMOVPS;AVX;FM_MMOV;A_NA;S_YES;T_FP;DATASZ_32b;DATASZ_256b;3;OPRN_MEMORY_MEM256b_READ;OPRN_REGISTER_YMM_READ;OPRN_REGISTER_YMM_WRITE;;0;
VMASKMOVPS;AVX;FM_MMOV;A_NA;S_YES;T_FP;DATASZ_32b;DATASZ_256b;3;OPRN_REGISTER_YMM_READ;OPRN_REGISTER_YMM_READ;OPRN_MEMORY_MEM256b_WRITE;;0;
VMAXPD;AVX;FM_MAX;A_NA;S_YES;T_FP;DATASZ_64b;DATASZ_128b;3;OPRN_MEMORY_MEM128b_READ;OPRN_REGISTER_XMM_READ;OPRN_REGISTER_XMM_WRITE;;0;
VMAXPD;AVX;FM_MAX;A_NA;S_YES;T_FP;DATASZ_64b;DATASZ_256b;3;OPRN_MEMORY_MEM256b_READ;OPRN_REGISTER_YMM_READ;OPRN_REGISTER_YMM_WRITE;;0;
VMAXPS;AVX;FM_MAX;A_NA;S_YES;T_FP;DATASZ_32b;DATASZ_128b;3;OPRN_MEMORY_MEM128b_READ;OPRN_REGISTER_XMM_READ;OPRN_REGISTER_XMM_WRITE;;0;
VMAXPS;AVX;FM_MAX;A_NA;S_YES;T_FP;DATASZ_32b;DATASZ_256b;3;OPRN_MEMORY_MEM256b_READ;OPRN_REGISTER_YMM_READ;OPRN_REGISTER_YMM_WRITE;;0;
VMAXSD;AVX;FM_MAX;A_NA;S_YES;T_FP;DATASZ_64b;DATASZ_64b;3;OPRN_MEMORY_MEM64b_READ;OPRN_REGISTER_XMM_READ;OPRN_REGISTER_XMM_WRITE;;0;
VMAXSS;AVX;FM_MAX;A_NA;S_YES;T_FP;DATASZ_32b;DATASZ_32b;3;OPRN_MEMORY_MEM32b_READ;OPRN_REGISTER_XMM_READ;OPRN_REGISTER_XMM_WRITE;;0;
VMINPD;AVX;FM_MIN;A_NA;S_YES;T_FP;DATASZ_64b;DATASZ_128b;3;OPRN_MEMORY_MEM128b_READ;OPRN_REGISTER_XMM_READ;OPRN_REGISTER_XMM_WRITE;;0;
VMINPD;AVX;FM_MIN;A_NA;S_YES;T_FP;DATASZ_64b;DATASZ_256b;3;OPRN_MEMORY_MEM256b_READ;OPRN_REGISTER_YMM_READ;OPRN_REGISTER_YMM_WRITE;;0;
VMINPS;AVX;FM_MIN;A_NA;S_YES;T_FP;DATASZ_32b;DATASZ_128b;3;OPRN_MEMORY_MEM128b_READ;OPRN_REGISTER_XMM_READ;OPRN_REGISTER_XMM_WRITE;;0;
VMINPS;AVX;FM_MIN;A_NA;S_YES;T_FP;DATASZ_32b;DATASZ_256b;3;OPRN_MEMORY_MEM256b_READ;OPRN_REGISTER_YMM_READ;OPRN_REGISTER_YMM_WRITE;;0;
VMINSD;AVX;FM_MIN;A_NA;S_YES;T_FP;DATASZ_64b;DATASZ_64b;3;OPRN_MEMORY_MEM64b_READ;OPRN_REGISTER_XMM_READ;OPRN_REGISTER_XMM_WRITE;;0;
VMINSS;AVX;FM_MIN;A_NA;S_YES;T_FP;DATASZ_32b;DATASZ_32b;3;OPRN_MEMORY_MEM32b_READ;OPRN_REGISTER_XMM_READ;OPRN_REGISTER_XMM_WRITE;;0;
VMOVAPD;AVX;FM_MOV;A_NA;S_YES;T_FP;DATASZ_64b;DATASZ_128b;2;OPRN_MEMORY_MEM128b_READ;OPRN_REGISTER_XMM_WRITE;;;0;
VMOVAPD;AVX;FM_MOV;A_NA;S_YES;T_FP;DATASZ_64b;DATASZ_128b;2;OPRN_REGISTER_XMM_READ;OPRN_MEMORY_MEM128b_WRITE;;;0;
VMOVAPD;AVX;FM_MOV;A_NA;S_YES;T_FP;DATASZ_64b;DATASZ_256b;2;OPRN_MEMORY_MEM256b_READ;OPRN_REGISTER_YMM_WRITE;;;0;
VMOVAPD;AVX;FM_MOV;A_NA;S_YES;T_FP;DATASZ_64b;DATASZ_256b;2;OPRN_REGISTER_YMM_READ;OPRN_MEMORY_MEM256b_WRITE;;;0;
VMOVAPS;AVX;FM_MOV;A_NA;S_YES;T_FP;DATASZ_32b;DATASZ_128b;2;OPRN_MEMORY_MEM128b_READ;OPRN_REGISTER_XMM_WRITE;;;0;
VMOVAPS;AVX;FM_MOV;A_NA;S_YES;T_FP;DATASZ_32b;DATASZ_128b;2;OPRN_REGISTER_XMM_READ;OPRN_MEMORY_MEM128b_WRITE;;;0;
VMOVAPS;AVX;FM_MOV;A_NA;S_YES;T_FP;DATASZ_32b;DATASZ_256b;2;OPRN_MEMORY_MEM256b_READ;OPRN_REGISTER_YMM_WRITE;;;0;
VMOVAPS;AVX;FM_MOV;A_NA;S_YES;T_FP;DATASZ_32b;DATASZ_256b;2;OPRN_REGISTER_YMM_READ;OPRN_MEMORY_MEM256b_WRITE;;;0;
VMOVDDUP;AVX;FM_MOV;A_NA;S_YES;T_FP;DATASZ_64b;DATASZ_128b;2;OPRN_MEMORY_MEM256b_READ;OPRN_REGISTER_YMM_WRITE;;;0;
VMOVDDUP;AVX;FM_MOV;A_NA;S_YES;T_FP;DATASZ_64b;DATASZ_64b;2;OPRN_MEMORY_MEM64b_READ;OPRN_REGISTER_XMM_WRITE;;;0;
VMOVDQA;AVX;FM_MOV;A_NA;S_YES;T_INT;DATASZ_128b;DATASZ_128b;2;OPRN_MEMORY_MEM128b_READ;OPRN_REGISTER_XMM_WRITE;;;0;
VMOVDQA;AVX;FM_MOV;A_NA;S_YES;T_INT;DATASZ_128b;DATASZ_128b;2;OPRN_REGISTER_XMM_READ;OPRN_MEMORY_MEM128b_WRITE;;;0;
VMOVDQA;AVX;FM_MOV;A_NA;S_YES;T_INT;DATASZ_256b;DATASZ_256b;2;OPRN_MEMORY_MEM256b_READ;OPRN_REGISTER_YMM_WRITE;;;0;
VMOVDQA;AVX;FM_MOV;A_NA;S_YES;T_INT;DATASZ_256b;DATASZ_256b;2;OPRN_REGISTER_YMM_READ;OPRN_MEMORY_MEM256b_WRITE;;;0;
VMOVDQU;AVX;FM_MOV;A_NA;S_YES;T_INT;DATASZ_128b;DATASZ_128b;2;OPRN_MEMORY_MEM128b_READ;OPRN_REGISTER_XMM_WRITE;;;0;
VMOVDQU;AVX;FM_MOV;A_NA;S_YES;T_INT;DATASZ_128b;DATASZ_128b;2;OPRN_REGISTER_XMM_READ;OPRN_MEMORY_MEM128b_WRITE;;;0;
VMOVDQU;AVX;FM_MOV;A_NA;S_YES;T_INT;DATASZ_256b;DATASZ_256b;2;OPRN_MEMORY_MEM256b_READ;OPRN_REGISTER_YMM_WRITE;;;0;
VMOVDQU;AVX;FM_MOV;A_NA;S_YES;T_INT;DATASZ_256b;DATASZ_256b;2;OPRN_REGISTER_YMM_READ;OPRN_MEMORY_MEM256b_WRITE;;;0;
VMOVD;AVX;FM_MOV;A_NA;S_YES;T_INT;DATASZ_32b;DATASZ_32b;2;OPRN_MEMORY_MEM32b_READ;OPRN_REGISTER_XMM_WRITE;;;0;
VMOVD;AVX;FM_MOV;A_NA;S_YES;T_INT;DATASZ_32b;DATASZ_32b;2;OPRN_REGISTER_XMM_READ;OPRN_MEMORY_MEM32b_WRITE;;;0;
VMOVHPD;AVX;FM_MOV;A_NA;S_YES;T_FP;DATASZ_64b;DATASZ_64b;3;OPRN_MEMORY_MEM64b_READ;OPRN_REGISTER_XMM_READ;OPRN_REGISTER_XMM_WRITE;;0;
VMOVHPD;AVX;FM_MOV;A_NA;S_YES;T_FP;DATASZ_64b;DATASZ_64b;2;OPRN_REGISTER_XMM_READ;OPRN_MEMORY_MEM64b_WRITE;;;0;
VMOVHPS;AVX;FM_MOV;A_NA;S_YES;T_FP;DATASZ_32b;DATASZ_64b;3;OPRN_MEMORY_MEM64b_READ;OPRN_REGISTER_XMM_READ;OPRN_REGISTER_XMM_WRITE;;0;
VMOVHPS;AVX;FM_MOV;A_NA;S_YES;T_FP;DATASZ_32b;DATASZ_64b;2;OPRN_REGISTER_XMM_READ;OPRN_MEMORY_MEM64b_WRITE;;;0;
VMOVLPD;AVX;FM_MOV;A_NA;S_YES;T_FP;DATASZ_64b;DATASZ_64b;3;OPRN_MEMORY_MEM64b_READ;OPRN_REGISTER_XMM_READ;OPRN_REGISTER_XMM_WRITE;;0;
VMOVLPD;AVX;FM_MOV;A_NA;S_YES;T_FP;DATASZ_64b;DATASZ_64b;2;OPRN_REGISTER_XMM_READ;OPRN_MEMORY_MEM64b_WRITE;;;0;
VMOVLPS;AVX;FM_MOV;A_NA;S_YES;T_FP;DATASZ_32b;DATASZ_64b;3;OPRN_MEMORY_MEM64b_READ;OPRN_REGISTER_XMM_READ;OPRN_REGISTER_XMM_WRITE;;0;
VMOVLPS;AVX;FM_MOV;A_NA;S_YES;T_FP;DATASZ_32b;DATASZ_64b;2;OPRN_REGISTER_XMM_READ;OPRN_MEMORY_MEM64b_WRITE;;;0;
VMOVNTDQA;AVX2;FM_MOV;A_NA;S_YES;T_INT;DATASZ_64b;DATASZ_256b;2;OPRN_MEMORY_MEM256b_READ;OPRN_REGISTER_YMM_WRITE;;;0;
VMOVNTDQA;AVX;FM_MOV;A_NA;S_YES;T_INT;DATASZ_64b;DATASZ_128b;2;OPRN_MEMORY_MEM128b_READ;OPRN_REGISTER_XMM_WRITE;;;0;
VMOVNTDQ;AVX;FM_MOV;A_NA;S_YES;T_INT;DATASZ_64b;DATASZ_128b;2;OPRN_REGISTER_XMM_READ;OPRN_MEMORY_MEM128b_WRITE;;;0;
VMOVNTDQ;AVX;FM_MOV;A_NA;S_YES;T_INT;DATASZ_64b;DATASZ_256b;2;OPRN_REGISTER_YMM_READ;OPRN_MEMORY_MEM256b_WRITE;;;0;
VMOVNTPD;AVX;FM_MOV;A_NA;S_YES;T_FP;DATASZ_64b;DATASZ_128b;2;OPRN_REGISTER_XMM_READ;OPRN_MEMORY_MEM128b_WRITE;;;0;
VMOVNTPD;AVX;FM_MOV;A_NA;S_YES;T_FP;DATASZ_64b;DATASZ_256b;2;OPRN_REGISTER_YMM_READ;OPRN_MEMORY_MEM256b_WRITE;;;0;
VMOVNTPS;AVX;FM_MOV;A_NA;S_YES;T_FP;DATASZ_32b;DATASZ_128b;2;OPRN_REGISTER_XMM_READ;OPRN_MEMORY_MEM128b_WRITE;;;0;
VMOVNTPS;AVX;FM_MOV;A_NA;S_YES;T_FP;DATASZ_32b;DATASZ_256b;2;OPRN_REGISTER_YMM_READ;OPRN_MEMORY_MEM256b_WRITE;;;0;
VMOVQ;AVX;FM_MOV;A_NA;S_YES;T_UNDEF;DATASZ_64b;DATASZ_64b;2;OPRN_MEMORY_MEM64b_READ;OPRN_REGISTER_XMM_WRITE;;;0;
VMOVQ;AVX;FM_MOV;A_NA;S_YES;T_UNDEF;DATASZ_64b;DATASZ_64b;2;OPRN_REGISTER_XMM_READ;OPRN_MEMORY_MEM64b_WRITE;;;0;
VMOVSD;AVX;FM_MOV;A_NA;S_YES;T_FP;DATASZ_64b;DATASZ_64b;2;OPRN_MEMORY_MEM64b_READ;OPRN_REGISTER_XMM_WRITE;;;0;
VMOVSD;AVX;FM_MOV;A_NA;S_YES;T_FP;DATASZ_64b;DATASZ_64b;2;OPRN_REGISTER_XMM_READ;OPRN_MEMORY_MEM64b_WRITE;;;0;
VMOVSHDUP;AVX;FM_MOV;A_NA;S_YES;T_FP;DATASZ_32b;DATASZ_128b;2;OPRN_MEMORY_MEM256b_READ;OPRN_REGISTER_YMM_WRITE;;;0;
VMOVSHDUP;AVX;FM_MOV;A_NA;S_YES;T_FP;DATASZ_32b;DATASZ_64b;2;OPRN_MEMORY_MEM128b_READ;OPRN_REGISTER_XMM_WRITE;;;0;
VMOVSLDUP;AVX;FM_MOV;A_NA;S_YES;T_FP;DATASZ_32b;DATASZ_128b;2;OPRN_MEMORY_MEM256b_READ;OPRN_REGISTER_YMM_WRITE;;;0;
VMOVSLDUP;AVX;FM_MOV;A_NA;S_YES;T_FP;DATASZ_32b;DATASZ_64b;2;OPRN_MEMORY_MEM128b_READ;OPRN_REGISTER_XMM_WRITE;;;0;
VMOVSS;AVX;FM_MOV;A_NA;S_YES;T_FP;DATASZ_32b;DATASZ_32b;2;OPRN_MEMORY_MEM32b_READ;OPRN_REGISTER_XMM_WRITE;;;0;
VMOVSS;AVX;FM_MOV;A_NA;S_YES;T_FP;DATASZ_32b;DATASZ_32b;2;OPRN_REGISTER_XMM_READ;OPRN_MEMORY_MEM32b_WRITE;;;0;
VMOVUPD;AVX;FM_MOV;A_NA;S_YES;T_FP;DATASZ_64b;DATASZ_128b;2;OPRN_MEMORY_MEM128b_READ;OPRN_REGISTER_XMM_WRITE;;;0;
VMOVUPD;AVX;FM_MOV;A_NA;S_YES;T_FP;DATASZ_64b;DATASZ_128b;2;OPRN_REGISTER_XMM_READ;OPRN_MEMORY_MEM128b_WRITE;;;0;
VMOVUPD;AVX;FM_MOV;A_NA;S_YES;T_FP;DATASZ_64b;DATASZ_256b;2;OPRN_MEMORY_MEM256b_READ;OPRN_REGISTER_YMM_WRITE;;;0;
VMOVUPD;AVX;FM_MOV;A_NA;S_YES;T_FP;DATASZ_64b;DATASZ_256b;2;OPRN_REGISTER_YMM_READ;OPRN_MEMORY_MEM256b_WRITE;;;0;
VMOVUPS;AVX;FM_MOV;A_NA;S_YES;T_FP;DATASZ_32b;DATASZ_128b;2;OPRN_MEMORY_MEM128b_READ;OPRN_REGISTER_XMM_WRITE;;;0;
VMOVUPS;AVX;FM_MOV;A_NA;S_YES;T_FP;DATASZ_32b;DATASZ_128b;2;OPRN_REGISTER_XMM_READ;OPRN_MEMORY_MEM128b_WRITE;;;0;
VMOVUPS;AVX;FM_MOV;A_NA;S_YES;T_FP;DATASZ_32b;DATASZ_256b;2;OPRN_MEMORY_MEM256b_READ;OPRN_REGISTER_YMM_WRITE;;;0;
VMOVUPS;AVX;FM_MOV;A_NA;S_YES;T_FP;DATASZ_32b;DATASZ_256b;2;OPRN_REGISTER_YMM_READ;OPRN_MEMORY_MEM256b_WRITE;;;0;
VMPSADBW;AVX2;FM_DSP;A_NA;S_YES;T_UINT;DATASZ_8b;DATASZ_256b;4;OPRN_IMMEDIATE_BYTE_ROLE_UNDEF;OPRN_MEMORY_MEM256b_READ;OPRN_REGISTER_YMM_READ;OPRN_REGISTER_YMM_WRITE;0;
VMPSADBW;AVX;FM_DSP;A_NA;S_YES;T_UINT;DATASZ_8b;DATASZ_128b;4;OPRN_IMMEDIATE_BYTE_ROLE_UNDEF;OPRN_MEMORY_MEM128b_READ;OPRN_REGISTER_XMM_READ;OPRN_REGISTER_XMM_WRITE;0;
VMULPD;AVX;FM_MUL;A_NA;S_YES;T_FP;DATASZ_64b;DATASZ_128b;3;OPRN_MEMORY_MEM128b_READ;OPRN_REGISTER_XMM_READ;OPRN_REGISTER_XMM_WRITE;;0;
VMULPD;AVX;FM_MUL;A_NA;S_YES;T_FP;DATASZ_64b;DATASZ_256b;3;OPRN_MEMORY_MEM256b_READ;OPRN_REGISTER_YMM_READ;OPRN_REGISTER_YMM_WRITE;;0;
VMULPS;AVX;FM_MUL;A_NA;S_YES;T_FP;DATASZ_32b;DATASZ_128b;3;OPRN_MEMORY_MEM128b_READ;OPRN_REGISTER_XMM_READ;OPRN_REGISTER_XMM_WRITE;;0;
VMULPS;AVX;FM_MUL;A_NA;S_YES;T_FP;DATASZ_32b;DATASZ_256b;3;OPRN_MEMORY_MEM256b_READ;OPRN_REGISTER_YMM_READ;OPRN_REGISTER_YMM_WRITE;;0;
VMULSD;AVX;FM_MUL;A_NA;S_YES;T_FP;DATASZ_64b;DATASZ_64b;3;OPRN_MEMORY_MEM64b_READ;OPRN_REGISTER_XMM_READ;OPRN_REGISTER_XMM_WRITE;;0;
VMULSS;AVX;FM_MUL;A_NA;S_YES;T_FP;DATASZ_32b;DATASZ_32b;3;OPRN_MEMORY_MEM32b_READ;OPRN_REGISTER_XMM_READ;OPRN_REGISTER_XMM_WRITE;;0;
VORPD;AVX;FM_OR;A_NA;S_YES;T_FP;DATASZ_64b;DATASZ_128b;3;OPRN_MEMORY_MEM128b_READ;OPRN_REGISTER_XMM_READ;OPRN_REGISTER_XMM_WRITE;;0;
VORPD;AVX;FM_OR;A_NA;S_YES;T_FP;DATASZ_64b;DATASZ_256b;3;OPRN_MEMORY_MEM256b_READ;OPRN_REGISTER_YMM_READ;OPRN_REGISTER_YMM_WRITE;;0;
VORPS;AVX;FM_OR;A_NA;S_YES;T_FP;DATASZ_32b;DATASZ_128b;3;OPRN_MEMORY_MEM128b_READ;OPRN_REGISTER_XMM_READ;OPRN_REGISTER_XMM_WRITE;;0;
VORPS;AVX;FM_OR;A_NA;S_YES;T_FP;DATASZ_32b;DATASZ_256b;3;OPRN_MEMORY_MEM256b_READ;OPRN_REGISTER_YMM_READ;OPRN_REGISTER_YMM_WRITE;;0;
VPABSB;AVX2;FM_ABS;A_NA;S_YES;T_SINT;DATASZ_8b;DATASZ_256b;2;OPRN_MEMORY_MEM256b_READ;OPRN_REGISTER_YMM_WRITE;;;0;
VPABSB;AVX;FM_ABS;A_NA;S_YES;T_SINT;DATASZ_8b;DATASZ_128b;2;OPRN_MEMORY_MEM128b_READ;OPRN_REGISTER_XMM_WRITE;;;0;
VPABSD;AVX2;FM_ABS;A_NA;S_YES;T_SINT;DATASZ_32b;DATASZ_256b;2;OPRN_MEMORY_MEM256b_READ;OPRN_REGISTER_YMM_WRITE;;;0;
VPABSD;AVX;FM_ABS;A_NA;S_YES;T_SINT;DATASZ_32b;DATASZ_128b;2;OPRN_MEMORY_MEM128b_READ;OPRN_REGISTER_XMM_WRITE;;;0;
VPABSW;AVX2;FM_ABS;A_NA;S_YES;T_SINT;DATASZ_16b;DATASZ_256b;2;OPRN_MEMORY_MEM256b_READ;OPRN_REGISTER_YMM_WRITE;;;0;
VPABSW;AVX;FM_ABS;A_NA;S_YES;T_SINT;DATASZ_16b;DATASZ_128b;2;OPRN_MEMORY_MEM128b_READ;OPRN_REGISTER_XMM_WRITE;;;0;
VPACKSSDW;AVX2;FM_CVT;A_NA;S_YES;T_SINT;DATASZ_32b;DATASZ_128b;3;OPRN_MEMORY_MEM128b_READ;OPRN_REGISTER_XMM_READ;OPRN_REGISTER_XMM_WRITE;;0;
VPACKSSDW;AVX;FM_CVT;A_NA;S_YES;T_SINT;DATASZ_32b;DATASZ_256b;3;OPRN_MEMORY_MEM256b_READ;OPRN_REGISTER_YMM_READ;OPRN_REGISTER_YMM_WRITE;;0;
VPACKSSWB;AVX2;FM_CVT;A_NA;S_YES;T_SINT;DATASZ_16b;DATASZ_256b;3;OPRN_MEMORY_MEM256b_READ;OPRN_REGISTER_YMM_READ;OPRN_REGISTER_YMM_WRITE;;0;
VPACKSSWB;AVX;FM_CVT;A_NA;S_YES;T_SINT;DATASZ_16b;DATASZ_128b;3;OPRN_MEMORY_MEM128b_READ;OPRN_REGISTER_XMM_READ;OPRN_REGISTER_XMM_WRITE;;0;
VPACKUSDW;AVX2;FM_CVT;A_NA;S_YES;T_SINT;DATASZ_32b;DATASZ_256b;3;OPRN_MEMORY_MEM256b_READ;OPRN_REGISTER_YMM_READ;OPRN_REGISTER_YMM_WRITE;;0;
VPACKUSDW;AVX;FM_CVT;A_NA;S_YES;T_SINT;DATASZ_32b;DATASZ_128b;3;OPRN_MEMORY_MEM128b_READ;OPRN_REGISTER_XMM_READ;OPRN_REGISTER_XMM_WRITE;;0;
VPACKUSWB;AVX2;FM_CVT;A_NA;S_YES;T_SINT;DATASZ_16b;DATASZ_256b;3;OPRN_MEMORY_MEM256b_READ;OPRN_REGISTER_YMM_READ;OPRN_REGISTER_YMM_WRITE;;0;
VPACKUSWB;AVX;FM_CVT;A_NA;S_YES;T_SINT;DATASZ_16b;DATASZ_128b;3;OPRN_MEMORY_MEM128b_READ;OPRN_REGISTER_XMM_READ;OPRN_REGISTER_XMM_WRITE;;0;
VPADDB;AVX2;FM_ADD;A_NA;S_YES;T_INT;DATASZ_8b;DATASZ_256b;3;OPRN_MEMORY_MEM256b_READ;OPRN_REGISTER_YMM_READ;OPRN_REGISTER_YMM_WRITE;;0;
VPADDB;AVX;FM_ADD;A_NA;S_YES;T_INT;DATASZ_8b;DATASZ_128b;3;OPRN_MEMORY_MEM128b_READ;OPRN_REGISTER_XMM_READ;OPRN_REGISTER_XMM_WRITE;;0;
VPADDD;AVX2;FM_ADD;A_NA;S_YES;T_INT;DATASZ_32b;DATASZ_256b;3;OPRN_MEMORY_MEM256b_READ;OPRN_REGISTER_YMM_READ;OPRN_REGISTER_YMM_WRITE;;0;
VPADDD;AVX;FM_ADD;A_NA;S_YES;T_INT;DATASZ_32b;DATASZ_128b;3;OPRN_MEMORY_MEM128b_READ;OPRN_REGISTER_XMM_READ;OPRN_REGISTER_XMM_WRITE;;0;
VPADDQ;AVX2;FM_ADD;A_NA;S_YES;T_INT;DATASZ_64b;DATASZ_256b;3;OPRN_MEMORY_MEM256b_READ;OPRN_REGISTER_YMM_READ;OPRN_REGISTER_YMM_WRITE;;0;
VPADDQ;AVX;FM_ADD;A_NA;S_YES;T_INT;DATASZ_64b;DATASZ_128b;3;OPRN_MEMORY_MEM128b_READ;OPRN_REGISTER_XMM_READ;OPRN_REGISTER_XMM_WRITE;;0;
VPADDSB;AVX2;FM_ADD;A_NA;S_YES;T_SINT;DATASZ_8b;DATASZ_256b;3;OPRN_MEMORY_MEM256b_READ;OPRN_REGISTER_YMM_READ;OPRN_REGISTER_YMM_WRITE;;0;
VPADDSB;AVX;FM_ADD;A_NA;S_YES;T_SINT;DATASZ_8b;DATASZ_128b;3;OPRN_MEMORY_MEM128b_READ;OPRN_REGISTER_XMM_READ;OPRN_REGISTER_XMM_WRITE;;0;
VPADDSW;AVX2;FM_ADD;A_NA;S_YES;T_SINT;DATASZ_16b;DATASZ_256b;3;OPRN_MEMORY_MEM256b_READ;OPRN_REGISTER_YMM_READ;OPRN_REGISTER_YMM_WRITE;;0;
VPADDSW;AVX;FM_ADD;A_NA;S_YES;T_SINT;DATASZ_16b;DATASZ_128b;3;OPRN_MEMORY_MEM128b_READ;OPRN_REGISTER_XMM_READ;OPRN_REGISTER_XMM_WRITE;;0;
VPADDUSB;AVX2;FM_ADD;A_NA;S_YES;T_UINT;DATASZ_8b;DATASZ_256b;3;OPRN_MEMORY_MEM256b_READ;OPRN_REGISTER_YMM_READ;OPRN_REGISTER_YMM_WRITE;;0;
VPADDUSB;AVX;FM_ADD;A_NA;S_YES;T_UINT;DATASZ_8b;DATASZ_128b;3;OPRN_MEMORY_MEM128b_READ;OPRN_REGISTER_XMM_READ;OPRN_REGISTER_XMM_WRITE;;0;
VPADDUSW;AVX2;FM_ADD;A_NA;S_YES;T_UINT;DATASZ_16b;DATASZ_256b;3;OPRN_MEMORY_MEM256b_READ;OPRN_REGISTER_YMM_READ;OPRN_REGISTER_YMM_WRITE;;0;
VPADDUSW;AVX;FM_ADD;A_NA;S_YES;T_UINT;DATASZ_16b;DATASZ_128b;3;OPRN_MEMORY_MEM128b_READ;OPRN_REGISTER_XMM_READ;OPRN_REGISTER_XMM_WRITE;;0;
VPADDW;AVX2;FM_ADD;A_NA;S_YES;T_INT;DATASZ_16b;DATASZ_256b;3;OPRN_MEMORY_MEM256b_READ;OPRN_REGISTER_YMM_READ;OPRN_REGISTER_YMM_WRITE;;0;
VPADDW;AVX;FM_ADD;A_NA;S_YES;T_INT;DATASZ_16b;DATASZ_128b;3;OPRN_MEMORY_MEM128b_READ;OPRN_REGISTER_XMM_READ;OPRN_REGISTER_XMM_WRITE;;0;
VPALIGNR;AVX2;FM_MERGE;A_NA;S_YES;T_UNDEF;DATASZ_128b;DATASZ_128b;4;OPRN_IMMEDIATE_BYTE_ROLE_UNDEF;OPRN_MEMORY_MEM256b_READ;OPRN_REGISTER_YMM_READ;OPRN_REGISTER_YMM_WRITE;0;
VPALIGNR;AVX;FM_MERGE;A_NA;S_YES;T_UNDEF;DATASZ_64b;DATASZ_64b;4;OPRN_IMMEDIATE_BYTE_ROLE_UNDEF;OPRN_MEMORY_MEM128b_READ;OPRN_REGISTER_XMM_READ;OPRN_REGISTER_XMM_WRITE;0;
VPANDN;AVX2;FM_AND;A_NA;S_YES;T_BIT;DATASZ_256b;DATASZ_256b;3;OPRN_MEMORY_MEM256b_READ;OPRN_REGISTER_YMM_READ;OPRN_REGISTER_YMM_WRITE;;0;
VPANDN;AVX;FM_AND;A_NA;S_YES;T_BIT;DATASZ_128b;DATASZ_128b;3;OPRN_MEMORY_MEM128b_READ;OPRN_REGISTER_XMM_READ;OPRN_REGISTER_XMM_WRITE;;0;
VPAND;AVX2;FM_AND;A_NA;S_YES;T_BIT;DATASZ_256b;DATASZ_256b;3;OPRN_MEMORY_MEM256b_READ;OPRN_REGISTER_YMM_READ;OPRN_REGISTER_YMM_WRITE;;0;
VPAND;AVX;FM_AND;A_NA;S_YES;T_BIT;DATASZ_128b;DATASZ_128b;3;OPRN_MEMORY_MEM128b_READ;OPRN_REGISTER_XMM_READ;OPRN_REGISTER_XMM_WRITE;;0;
VPAVGB;AVX2;FM_AVG;A_NA;S_YES;T_UINT;DATASZ_8b;DATASZ_256b;3;OPRN_MEMORY_MEM256b_READ;OPRN_REGISTER_YMM_READ;OPRN_REGISTER_YMM_WRITE;;0;
VPAVGB;AVX;FM_AVG;A_NA;S_YES;T_UINT;DATASZ_8b;DATASZ_128b;3;OPRN_MEMORY_MEM128b_READ;OPRN_REGISTER_XMM_READ;OPRN_REGISTER_XMM_WRITE;;0;
VPAVGW;AVX2;FM_AVG;A_NA;S_YES;T_UINT;DATASZ_16b;DATASZ_256b;3;OPRN_MEMORY_MEM256b_READ;OPRN_REGISTER_YMM_READ;OPRN_REGISTER_YMM_WRITE;;0;
VPAVGW;AVX;FM_AVG;A_NA;S_YES;T_UINT;DATASZ_16b;DATASZ_128b;3;OPRN_MEMORY_MEM128b_READ;OPRN_REGISTER_XMM_READ;OPRN_REGISTER_XMM_WRITE;;0;
VPBLENDD;AVX2;FM_MERGE;A_NA;S_YES;T_UNDEF;DATASZ_32b;DATASZ_128b;4;OPRN_IMMEDIATE_BYTE_ROLE_UNDEF;OPRN_MEMORY_MEM128b_READ;OPRN_REGISTER_XMM_READ;OPRN_REGISTER_XMM_WRITE;0;
VPBLENDD;AVX2;FM_MERGE;A_NA;S_YES;T_UNDEF;DATASZ_32b;DATASZ_256b;4;OPRN_IMMEDIATE_BYTE_ROLE_UNDEF;OPRN_MEMORY_MEM256b_READ;OPRN_REGISTER_YMM_READ;OPRN_REGISTER_YMM_WRITE;0;
VPBLENDVB;AVX2;FM_MERGE;A_NA;S_YES;T_UNDEF;DATASZ_8b;DATASZ_256b;4;OPRN_REGISTER_YMM_READ;OPRN_MEMORY_MEM256b_READ;OPRN_REGISTER_YMM_READ;OPRN_REGISTER_YMM_WRITE;0;
VPBLENDVB;AVX;FM_MERGE;A_NA;S_YES;T_UNDEF;DATASZ_8b;DATASZ_128b;4;OPRN_REGISTER_XMM_READ;OPRN_MEMORY_MEM128b_READ;OPRN_REGISTER_XMM_READ;OPRN_REGISTER_XMM_WRITE;0;
VPBLENDW;AVX2;FM_MERGE;A_NA;S_YES;T_UNDEF;DATASZ_16b;DATASZ_256b;4;OPRN_IMMEDIATE_BYTE_ROLE_UNDEF;OPRN_MEMORY_MEM256b_READ;OPRN_REGISTER_YMM_READ;OPRN_REGISTER_YMM_WRITE;0;
VPBLENDW;AVX;FM_MERGE;A_NA;S_YES;T_UNDEF;DATASZ_16b;DATASZ_128b;4;OPRN_IMMEDIATE_BYTE_ROLE_UNDEF;OPRN_MEMORY_MEM128b_READ;OPRN_REGISTER_XMM_READ;OPRN_REGISTER_XMM_WRITE;0;
VPBROADCASTB;AVX2;FM_BROADCAST;A_NA;S_YES;T_INT;DATASZ_8b;DATASZ_8b;2;OPRN_MEMORY_MEM8b_READ;OPRN_REGISTER_XMM_WRITE;;;0;
VPBROADCASTB;AVX2;FM_BROADCAST;A_NA;S_YES;T_INT;DATASZ_8b;DATASZ_8b;2;OPRN_MEMORY_MEM8b_READ;OPRN_REGISTER_YMM_WRITE;;;0;
VPBROADCASTD;AVX2;FM_BROADCAST;A_NA;S_YES;T_INT;DATASZ_32b;DATASZ_32b;2;OPRN_MEMORY_MEM32b_READ;OPRN_REGISTER_XMM_WRITE;;;0;
VPBROADCASTD;AVX2;FM_BROADCAST;A_NA;S_YES;T_INT;DATASZ_32b;DATASZ_32b;2;OPRN_MEMORY_MEM32b_READ;OPRN_REGISTER_YMM_WRITE;;;0;
VPBROADCASTQ;AVX2;FM_BROADCAST;A_NA;S_YES;T_INT;DATASZ_64b;DATASZ_64b;2;OPRN_MEMORY_MEM64b_READ;OPRN_REGISTER_XMM_WRITE;;;0;
VPBROADCASTQ;AVX2;FM_BROADCAST;A_NA;S_YES;T_INT;DATASZ_64b;DATASZ_64b;2;OPRN_MEMORY_MEM64b_READ;OPRN_REGISTER_YMM_WRITE;;;0;
VPBROADCASTW;AVX2;FM_BROADCAST;A_NA;S_YES;T_INT;DATASZ_16b;DATASZ_16b;2;OPRN_MEMORY_MEM16b_READ;OPRN_REGISTER_XMM_WRITE;;;0;
VPBROADCASTW;AVX2;FM_BROADCAST;A_NA;S_YES;T_INT;DATASZ_16b;DATASZ_16b;2;OPRN_MEMORY_MEM16b_READ;OPRN_REGISTER_YMM_WRITE;;;0;
VPCLMULQDQ;CLMUL_AVX;FM_MUL;A_NA;S_YES;T_INT;DATASZ_64b;DATASZ_128b;4;OPRN_IMMEDIATE_BYTE_ROLE_UNDEF;OPRN_MEMORY_MEM128b_READ;OPRN_REGISTER_XMM_READ;OPRN_REGISTER_XMM_WRITE;0;
VPCMPEQB;AVX2;FM_CMP;A_NA;S_YES;T_UNDEF;DATASZ_8b;DATASZ_256b;3;OPRN_MEMORY_MEM256b_READ;OPRN_REGISTER_YMM_READ;OPRN_REGISTER_YMM_WRITE;;0;
VPCMPEQB;AVX;FM_CMP;A_NA;S_YES;T_UNDEF;DATASZ_8b;DATASZ_128b;3;OPRN_MEMORY_MEM128b_READ;OPRN_REGISTER_XMM_READ;OPRN_REGISTER_XMM_WRITE;;0;
VPCMPEQD;AVX2;FM_CMP;A_NA;S_YES;T_UNDEF;DATASZ_32b;DATASZ_256b;3;OPRN_MEMORY_MEM256b_READ;OPRN_REGISTER_YMM_READ;OPRN_REGISTER_YMM_WRITE;;0;
VPCMPEQD;AVX;FM_CMP;A_NA;S_YES;T_UNDEF;DATASZ_32b;DATASZ_128b;3;OPRN_MEMORY_MEM128b_READ;OPRN_REGISTER_XMM_READ;OPRN_REGISTER_XMM_WRITE;;0;
VPCMPEQQ;AVX2;FM_CMP;A_NA;S_YES;T_UNDEF;DATASZ_64b;DATASZ_256b;3;OPRN_MEMORY_MEM256b_READ;OPRN_REGISTER_YMM_READ;OPRN_REGISTER_YMM_WRITE;;0;
VPCMPEQQ;AVX;FM_CMP;A_NA;S_YES;T_UNDEF;DATASZ_64b;DATASZ_128b;3;OPRN_MEMORY_MEM128b_READ;OPRN_REGISTER_XMM_READ;OPRN_REGISTER_XMM_WRITE;;0;
VPCMPEQW;AVX2;FM_CMP;A_NA;S_YES;T_UNDEF;DATASZ_16b;DATASZ_256b;3;OPRN_MEMORY_MEM256b_READ;OPRN_REGISTER_YMM_READ;OPRN_REGISTER_YMM_WRITE;;0;
VPCMPEQW;AVX;FM_CMP;A_NA;S_YES;T_UNDEF;DATASZ_16b;DATASZ_128b;3;OPRN_MEMORY_MEM128b_READ;OPRN_REGISTER_XMM_READ;OPRN_REGISTER_XMM_WRITE;;0;
VPCMPESTRI;AVX;FM_CMP;A_NA;S_YES;T_STR;DATASZ_UNDEF;DATASZ_128b;3;OPRN_IMMEDIATE_BYTE_ROLE_UNDEF;OPRN_MEMORY_MEM128b_READ;OPRN_REGISTER_XMM_READ;;0;
VPCMPESTRM;AVX;FM_CMP;A_NA;S_YES;T_STR;DATASZ_UNDEF;DATASZ_128b;3;OPRN_IMMEDIATE_BYTE_ROLE_UNDEF;OPRN_MEMORY_MEM128b_READ;OPRN_REGISTER_XMM_READ;;0;
VPCMPGTB;AVX2;FM_CMP;A_NA;S_YES;T_SINT;DATASZ_8b;DATASZ_256b;3;OPRN_MEMORY_MEM256b_READ;OPRN_REGISTER_YMM_READ;OPRN_REGISTER_YMM_WRITE;;0;
VPCMPGTB;AVX;FM_CMP;A_NA;S_YES;T_SINT;DATASZ_8b;DATASZ_128b;3;OPRN_MEMORY_MEM128b_READ;OPRN_REGISTER_XMM_READ;OPRN_REGISTER_XMM_WRITE;;0;
VPCMPGTD;AVX2;FM_CMP;A_NA;S_YES;T_SINT;DATASZ_32b;DATASZ_256b;3;OPRN_MEMORY_MEM256b_READ;OPRN_REGISTER_YMM_READ;OPRN_REGISTER_YMM_WRITE;;0;
VPCMPGTD;AVX;FM_CMP;A_NA;S_YES;T_SINT;DATASZ_32b;DATASZ_128b;3;OPRN_MEMORY_MEM128b_READ;OPRN_REGISTER_XMM_READ;OPRN_REGISTER_XMM_WRITE;;0;
VPCMPGTQ;AVX2;FM_CMP;A_NA;S_YES;T_SINT;DATASZ_64b;DATASZ_256b;3;OPRN_MEMORY_MEM256b_READ;OPRN_REGISTER_YMM_READ;OPRN_REGISTER_YMM_WRITE;;0;
VPCMPGTQ;AVX;FM_CMP;A_NA;S_YES;T_SINT;DATASZ_64b;DATASZ_128b;3;OPRN_MEMORY_MEM128b_READ;OPRN_REGISTER_XMM_READ;OPRN_REGISTER_XMM_WRITE;;0;
VPCMPGTW;AVX2;FM_CMP;A_NA;S_YES;T_SINT;DATASZ_16b;DATASZ_256b;3;OPRN_MEMORY_MEM256b_READ;OPRN_REGISTER_YMM_READ;OPRN_REGISTER_YMM_WRITE;;0;
VPCMPGTW;AVX;FM_CMP;A_NA;S_YES;T_SINT;DATASZ_16b;DATASZ_128b;3;OPRN_MEMORY_MEM128b_READ;OPRN_REGISTER_XMM_READ;OPRN_REGISTER_XMM_WRITE;;0;
VPCMPISTRI;AVX;FM_CMP;A_NA;S_YES;T_STR;DATASZ_UNDEF;DATASZ_128b;3;OPRN_IMMEDIATE_BYTE_ROLE_UNDEF;OPRN_MEMORY_MEM128b_READ;OPRN_REGISTER_XMM_READ;;0;
VPCMPISTRM;AVX;FM_CMP;A_NA;S_YES;T_STR;DATASZ_UNDEF;DATASZ_128b;3;OPRN_IMMEDIATE_BYTE_ROLE_UNDEF;OPRN_MEMORY_MEM128b_READ;OPRN_REGISTER_XMM_READ;;0;
VPERM2F128;AVX;FM_SHUFFLE;A_NA;S_YES;T_FP;DATASZ_128b;DATASZ_128b;4;OPRN_IMMEDIATE_BYTE_ROLE_UNDEF;OPRN_MEMORY_MEM256b_READ;OPRN_REGISTER_YMM_READ;OPRN_REGISTER_YMM_WRITE;0;
VPERM2I128;AVX2;FM_SHUFFLE;A_NA;S_YES;T_INT;DATASZ_128b;DATASZ_128b;4;OPRN_IMMEDIATE_BYTE_ROLE_UNDEF;OPRN_MEMORY_MEM256b_READ;OPRN_REGISTER_YMM_READ;OPRN_REGISTER_YMM_WRITE;0;
VPERMD;AVX2;FM_SHUFFLE;A_NA;S_YES;T_INT;DATASZ_32b;DATASZ_256b;3;OPRN_MEMORY_MEM256b_READ;OPRN_REGISTER_YMM_READ;OPRN_REGISTER_YMM_WRITE;;0;
VPERMILPD;AVX;FM_SHUFFLE;A_NA;S_YES;T_FP;DATASZ_64b;DATASZ_128b;3;OPRN_IMMEDIATE_BYTE_ROLE_UNDEF;OPRN_MEMORY_MEM128b_READ;OPRN_REGISTER_XMM_WRITE;;0;
VPERMILPD;AVX;FM_SHUFFLE;A_NA;S_YES;T_FP;DATASZ_64b;DATASZ_128b;3;OPRN_MEMORY_MEM128b_READ;OPRN_REGISTER_XMM_READ;OPRN_REGISTER_XMM_WRITE;;0;
VPERMILPD;AVX;FM_SHUFFLE;A_NA;S_YES;T_FP;DATASZ_64b;DATASZ_256b;3;OPRN_IMMEDIATE_BYTE_ROLE_UNDEF;OPRN_MEMORY_MEM256b_READ;OPRN_REGISTER_YMM_WRITE;;0;
VPERMILPD;AVX;FM_SHUFFLE;A_NA;S_YES;T_FP;DATASZ_64b;DATASZ_256b;3;OPRN_MEMORY_MEM256b_READ;OPRN_REGISTER_YMM_READ;OPRN_REGISTER_YMM_WRITE;;0;
VPERMILPS;AVX;FM_SHUFFLE;A_NA;S_YES;T_FP;DATASZ_32b;DATASZ_128b;3;OPRN_IMMEDIATE_BYTE_ROLE_UNDEF;OPRN_MEMORY_MEM128b_READ;OPRN_REGISTER_XMM_WRITE;;0;
VPERMILPS;AVX;FM_SHUFFLE;A_NA;S_YES;T_FP;DATASZ_32b;DATASZ_128b;3;OPRN_MEMORY_MEM128b_READ;OPRN_REGISTER_XMM_READ;OPRN_REGISTER_XMM_WRITE;;0;
VPERMILPS;AVX;FM_SHUFFLE;A_NA;S_YES;T_FP;DATASZ_32b;DATASZ_256b;3;OPRN_IMMEDIATE_BYTE_ROLE_UNDEF;OPRN_MEMORY_MEM256b_READ;OPRN_REGISTER_YMM_WRITE;;0;
VPERMILPS;AVX;FM_SHUFFLE;A_NA;S_YES;T_FP;DATASZ_32b;DATASZ_256b;3;OPRN_MEMORY_MEM256b_READ;OPRN_REGISTER_YMM_READ;OPRN_REGISTER_YMM_WRITE;;0;
VPERMPD;AVX2;FM_SHUFFLE;A_NA;S_YES;T_FP;DATASZ_64b;DATASZ_256b;3;OPRN_IMMEDIATE_BYTE_ROLE_UNDEF;OPRN_MEMORY_MEM256b_READ;OPRN_REGISTER_YMM_WRITE;;0;
VPERMPS;AVX2;FM_SHUFFLE;A_NA;S_YES;T_FP;DATASZ_32b;DATASZ_256b;3;OPRN_MEMORY_MEM256b_READ;OPRN_REGISTER_YMM_READ;OPRN_REGISTER_YMM_WRITE;;0;
VPERMQ;AVX2;FM_SHUFFLE;A_NA;S_YES;T_INT;DATASZ_64b;DATASZ_256b;3;OPRN_IMMEDIATE_BYTE_ROLE_UNDEF;OPRN_MEMORY_MEM256b_READ;OPRN_REGISTER_YMM_WRITE;;0;
VPEXTRB;AVX;FM_MERGE;A_NA;S_YES;T_INT;DATASZ_8b;DATASZ_8b;3;OPRN_IMMEDIATE_BYTE_ROLE_UNDEF;OPRN_REGISTER_XMM_READ;OPRN_MEMORY_MEM8b_WRITE;;0;
VPEXTRD;AVX;FM_MERGE;A_NA;S_YES;T_INT;DATASZ_32b;DATASZ_32b;3;OPRN_IMMEDIATE_BYTE_ROLE_UNDEF;OPRN_REGISTER_XMM_READ;OPRN_MEMORY_MEM32b_WRITE;;0;
VPEXTRQ;AVX;FM_MERGE;A_NA;S_YES;T_INT;DATASZ_64b;DATASZ_64b;3;OPRN_IMMEDIATE_BYTE_ROLE_UNDEF;OPRN_REGISTER_XMM_READ;OPRN_MEMORY_MEM64b_WRITE;;0;
VPEXTRW;AVX;FM_MERGE;A_NA;S_YES;T_INT;DATASZ_16b;DATASZ_16b;3;OPRN_IMMEDIATE_BYTE_ROLE_UNDEF;OPRN_REGISTER_XMM_READ;OPRN_MEMORY_MEM16b_WRITE;;0;
VPGATHERDD;AVX2;FM_GATHER;A_NA;S_YES;T_UNDEF;DATASZ_32b;DATASZ_128b;3;OPRN_REGISTER_XMM_READ_WRITE;OPRN_MEMORY_MEM128b_READ;OPRN_REGISTER_XMM_READ_WRITE;;0;
VPGATHERDD;AVX2;FM_GATHER;A_NA;S_YES;T_UNDEF;DATASZ_32b;DATASZ_256b;3;OPRN_REGISTER_YMM_READ_WRITE;OPRN_MEMORY_MEM256b_READ;OPRN_REGISTER_YMM_READ_WRITE;;0;
VPGATHERDQ;AVX2;FM_GATHER;A_NA;S_YES;T_UNDEF;DATASZ_64b;DATASZ_128b;3;OPRN_REGISTER_XMM_READ_WRITE;OPRN_MEMORY_MEM128b_READ;OPRN_REGISTER_XMM_READ_WRITE;;0;
VPGATHERDQ;AVX2;FM_GATHER;A_NA;S_YES;T_UNDEF;DATASZ_64b;DATASZ_256b;3;OPRN_REGISTER_YMM_READ_WRITE;OPRN_MEMORY_MEM256b_READ;OPRN_REGISTER_YMM_READ_WRITE;;0;
VPGATHERQD;AVX2;FM_GATHER;A_NA;S_YES;T_UNDEF;DATASZ_32b;DATASZ_128b;3;OPRN_REGISTER_XMM_READ_WRITE;OPRN_MEMORY_MEM128b_READ;OPRN_REGISTER_XMM_READ_WRITE;;0;
VPGATHERQD;AVX2;FM_GATHER;A_NA;S_YES;T_UNDEF;DATASZ_32b;DATASZ_64b;3;OPRN_REGISTER_XMM_READ_WRITE;OPRN_MEMORY_MEM64b_READ;OPRN_REGISTER_XMM_READ_WRITE;;0;
VPGATHERQQ;AVX2;FM_GATHER;A_NA;S_YES;T_UNDEF;DATASZ_64b;DATASZ_128b;3;OPRN_REGISTER_XMM_READ_WRITE;OPRN_MEMORY_MEM128b_READ;OPRN_REGISTER_XMM_READ_WRITE;;0;
VPGATHERQQ;AVX2;FM_GATHER;A_NA;S_YES;T_UNDEF;DATASZ_64b;DATASZ_256b;3;OPRN_REGISTER_YMM_READ_WRITE;OPRN_MEMORY_MEM256b_READ;OPRN_REGISTER_YMM_READ_WRITE;;0;
VPHADDD;AVX2;FM_ADD;A_NA;S_YES;T_INT;DATASZ_32b;DATASZ_256b;3;OPRN_MEMORY_MEM256b_READ;OPRN_REGISTER_YMM_READ;OPRN_REGISTER_YMM_WRITE;;0;
VPHADDD;AVX;FM_ADD;A_NA;S_YES;T_INT;DATASZ_32b;DATASZ_128b;3;OPRN_MEMORY_MEM128b_READ;OPRN_REGISTER_XMM_READ;OPRN_REGISTER_XMM_WRITE;;0;
VPHADDSW;AVX2;FM_ADD;A_NA;S_YES;T_SINT;DATASZ_16b;DATASZ_256b;3;OPRN_MEMORY_MEM256b_READ;OPRN_REGISTER_YMM_READ;OPRN_REGISTER_YMM_WRITE;;0;
VPHADDSW;AVX;FM_ADD;A_NA;S_YES;T_SINT;DATASZ_16b;DATASZ_128b;3;OPRN_MEMORY_MEM128b_READ;OPRN_REGISTER_XMM_READ;OPRN_REGISTER_XMM_WRITE;;0;
VPHADDW;AVX2;FM_ADD;A_NA;S_YES;T_INT;DATASZ_16b;DATASZ_256b;3;OPRN_MEMORY_MEM256b_READ;OPRN_REGISTER_YMM_READ;OPRN_REGISTER_YMM_WRITE;;0;
VPHADDW;AVX;FM_ADD;A_NA;S_YES;T_INT;DATASZ_16b;DATASZ_128b;3;OPRN_MEMORY_MEM128b_READ;OPRN_REGISTER_XMM_READ;OPRN_REGISTER_XMM_WRITE;;0;
VPHMINPOSUW;AVX;FM_MIN;A_NA;S_YES;T_UINT;DATASZ_16b;DATASZ_128b;2;OPRN_MEMORY_MEM128b_READ;OPRN_REGISTER_XMM_WRITE;;;0;
VPHSUBD;AVX2;FM_SUB;A_NA;S_YES;T_SINT;DATASZ_32b;DATASZ_256b;3;OPRN_MEMORY_MEM256b_READ;OPRN_REGISTER_YMM_READ;OPRN_REGISTER_YMM_READ_WRITE;;0;
VPHSUBD;AVX;FM_SUB;A_NA;S_YES;T_SINT;DATASZ_32b;DATASZ_128b;3;OPRN_MEMORY_MEM128b_READ;OPRN_REGISTER_XMM_READ;OPRN_REGISTER_XMM_READ_WRITE;;0;
VPHSUBSW;AVX2;FM_SUB;A_NA;S_YES;T_SINT;DATASZ_16b;DATASZ_256b;3;OPRN_MEMORY_MEM256b_READ;OPRN_REGISTER_YMM_READ;OPRN_REGISTER_YMM_READ_WRITE;;0;
VPHSUBSW;AVX;FM_SUB;A_NA;S_YES;T_SINT;DATASZ_16b;DATASZ_128b;3;OPRN_MEMORY_MEM128b_READ;OPRN_REGISTER_XMM_READ;OPRN_REGISTER_XMM_READ_WRITE;;0;
VPHSUBW;AVX2;FM_SUB;A_NA;S_YES;T_SINT;DATASZ_16b;DATASZ_256b;3;OPRN_MEMORY_MEM256b_READ;OPRN_REGISTER_YMM_READ;OPRN_REGISTER_YMM_READ_WRITE;;0;
VPHSUBW;AVX;FM_SUB;A_NA;S_YES;T_SINT;DATASZ_16b;DATASZ_128b;3;OPRN_MEMORY_MEM128b_READ;OPRN_REGISTER_XMM_READ;OPRN_REGISTER_XMM_READ_WRITE;;0;
VPINSRB;AVX;FM_MERGE;A_NA;S_YES;T_INT;DATASZ_8b;DATASZ_8b;4;OPRN_IMMEDIATE_BYTE_ROLE_UNDEF;OPRN_MEMORY_MEM8b_READ;OPRN_REGISTER_XMM_READ;OPRN_REGISTER_XMM_WRITE;0;
VPINSRD;AVX;FM_MERGE;A_NA;S_YES;T_INT;DATASZ_32b;DATASZ_32b;4;OPRN_IMMEDIATE_BYTE_ROLE_UNDEF;OPRN_MEMORY_MEM32b_READ;OPRN_REGISTER_XMM_READ;OPRN_REGISTER_XMM_WRITE;0;
VPINSRQ;AVX;FM_MERGE;A_NA;S_YES;T_INT;DATASZ_64b;DATASZ_64b;4;OPRN_IMMEDIATE_BYTE_ROLE_UNDEF;OPRN_MEMORY_MEM64b_READ;OPRN_REGISTER_XMM_READ;OPRN_REGISTER_XMM_WRITE;0;
VPINSRW;AVX;FM_MERGE;A_NA;S_YES;T_INT;DATASZ_16b;DATASZ_16b;4;OPRN_IMMEDIATE_BYTE_ROLE_UNDEF;OPRN_MEMORY_MEM16b_READ;OPRN_REGISTER_XMM_READ;OPRN_REGISTER_XMM_WRITE;0;
VPMADDUBSW;AVX2;FM_ADD;A_NA;S_YES;T_INT;DATASZ_8b;DATASZ_256b;3;OPRN_MEMORY_MEM256b_READ;OPRN_REGISTER_YMM_READ;OPRN_REGISTER_YMM_WRITE;;0;
VPMADDUBSW;AVX;FM_ADD;A_NA;S_YES;T_INT;DATASZ_8b;DATASZ_128b;3;OPRN_MEMORY_MEM128b_READ;OPRN_REGISTER_XMM_READ;OPRN_REGISTER_XMM_WRITE;;0;
VPMADDWD;AVX2;FM_ADD;A_NA;S_YES;T_INT;DATASZ_16b;DATASZ_256b;3;OPRN_MEMORY_MEM256b_READ;OPRN_REGISTER_YMM_READ;OPRN_REGISTER_YMM_WRITE;;0;
VPMADDWD;AVX;FM_ADD;A_NA;S_YES;T_INT;DATASZ_16b;DATASZ_128b;3;OPRN_MEMORY_MEM128b_READ;OPRN_REGISTER_XMM_READ;OPRN_REGISTER_XMM_WRITE;;0;
VPMASKMOVD;AVX2;FM_MMOV;A_NA;S_YES;T_INT;DATASZ_32b;DATASZ_128b;3;OPRN_MEMORY_MEM128b_READ;OPRN_REGISTER_XMM_READ;OPRN_REGISTER_XMM_WRITE;;0;
VPMASKMOVD;AVX2;FM_MMOV;A_NA;S_YES;T_INT;DATASZ_32b;DATASZ_128b;3;OPRN_REGISTER_XMM_READ;OPRN_REGISTER_XMM_READ;OPRN_MEMORY_MEM128b_WRITE;;0;
VPMASKMOVD;AVX2;FM_MMOV;A_NA;S_YES;T_INT;DATASZ_32b;DATASZ_256b;3;OPRN_MEMORY_MEM256b_READ;OPRN_REGISTER_YMM_READ;OPRN_REGISTER_YMM_WRITE;;0;
VPMASKMOVD;AVX2;FM_MMOV;A_NA;S_YES;T_INT;DATASZ_32b;DATASZ_256b;3;OPRN_REGISTER_YMM_READ;OPRN_REGISTER_YMM_READ;OPRN_MEMORY_MEM256b_WRITE;;0;
VPMASKMOVQ;AVX2;FM_MMOV;A_NA;S_YES;T_INT;DATASZ_64b;DATASZ_128b;3;OPRN_MEMORY_MEM128b_READ;OPRN_REGISTER_XMM_READ;OPRN_REGISTER_XMM_WRITE;;0;
VPMASKMOVQ;AVX2;FM_MMOV;A_NA;S_YES;T_INT;DATASZ_64b;DATASZ_128b;3;OPRN_REGISTER_XMM_READ;OPRN_REGISTER_XMM_READ;OPRN_MEMORY_MEM128b_WRITE;;0;
VPMASKMOVQ;AVX2;FM_MMOV;A_NA;S_YES;T_INT;DATASZ_64b;DATASZ_256b;3;OPRN_MEMORY_MEM256b_READ;OPRN_REGISTER_YMM_READ;OPRN_REGISTER_YMM_WRITE;;0;
VPMASKMOVQ;AVX2;FM_MMOV;A_NA;S_YES;T_INT;DATASZ_64b;DATASZ_256b;3;OPRN_REGISTER_YMM_READ;OPRN_REGISTER_YMM_READ;OPRN_MEMORY_MEM256b_WRITE;;0;
VPMAXSB;AVX2;FM_MAX;A_NA;S_YES;T_SINT;DATASZ_8b;DATASZ_256b;3;OPRN_MEMORY_MEM256b_READ;OPRN_REGISTER_YMM_READ;OPRN_REGISTER_YMM_WRITE;;0;
VPMAXSB;AVX;FM_MAX;A_NA;S_YES;T_SINT;DATASZ_8b;DATASZ_128b;3;OPRN_MEMORY_MEM128b_READ;OPRN_REGISTER_XMM_READ;OPRN_REGISTER_XMM_WRITE;;0;
VPMAXSD;AVX2;FM_MAX;A_NA;S_YES;T_SINT;DATASZ_32b;DATASZ_256b;3;OPRN_MEMORY_MEM256b_READ;OPRN_REGISTER_YMM_READ;OPRN_REGISTER_YMM_WRITE;;0;
VPMAXSD;AVX;FM_MAX;A_NA;S_YES;T_SINT;DATASZ_32b;DATASZ_128b;3;OPRN_MEMORY_MEM128b_READ;OPRN_REGISTER_XMM_READ;OPRN_REGISTER_XMM_WRITE;;0;
VPMAXSW;AVX2;FM_MAX;A_NA;S_YES;T_SINT;DATASZ_16b;DATASZ_256b;3;OPRN_MEMORY_MEM256b_READ;OPRN_REGISTER_YMM_READ;OPRN_REGISTER_YMM_WRITE;;0;
VPMAXSW;AVX;FM_MAX;A_NA;S_YES;T_SINT;DATASZ_16b;DATASZ_128b;3;OPRN_MEMORY_MEM128b_READ;OPRN_REGISTER_XMM_READ;OPRN_REGISTER_XMM_WRITE;;0;
VPMAXUB;AVX2;FM_MAX;A_NA;S_YES;T_UINT;DATASZ_8b;DATASZ_256b;3;OPRN_MEMORY_MEM256b_READ;OPRN_REGISTER_YMM_READ;OPRN_REGISTER_YMM_WRITE;;0;
VPMAXUB;AVX;FM_MAX;A_NA;S_YES;T_UINT;DATASZ_8b;DATASZ_128b;3;OPRN_MEMORY_MEM128b_READ;OPRN_REGISTER_XMM_READ;OPRN_REGISTER_XMM_WRITE;;0;
VPMAXUD;AVX2;FM_MAX;A_NA;S_YES;T_UINT;DATASZ_32b;DATASZ_256b;3;OPRN_MEMORY_MEM256b_READ;OPRN_REGISTER_YMM_READ;OPRN_REGISTER_YMM_WRITE;;0;
VPMAXUD;AVX;FM_MAX;A_NA;S_YES;T_UINT;DATASZ_32b;DATASZ_128b;3;OPRN_MEMORY_MEM128b_READ;OPRN_REGISTER_XMM_READ;OPRN_REGISTER_XMM_WRITE;;0;
VPMAXUW;AVX2;FM_MAX;A_NA;S_YES;T_UINT;DATASZ_16b;DATASZ_256b;3;OPRN_MEMORY_MEM256b_READ;OPRN_REGISTER_YMM_READ;OPRN_REGISTER_YMM_WRITE;;0;
VPMAXUW;AVX;FM_MAX;A_NA;S_YES;T_UINT;DATASZ_16b;DATASZ_128b;3;OPRN_MEMORY_MEM128b_READ;OPRN_REGISTER_XMM_READ;OPRN_REGISTER_XMM_WRITE;;0;
VPMINSB;AVX2;FM_MIN;A_NA;S_YES;T_SINT;DATASZ_8b;DATASZ_256b;3;OPRN_MEMORY_MEM256b_READ;OPRN_REGISTER_YMM_READ;OPRN_REGISTER_YMM_WRITE;;0;
VPMINSB;AVX;FM_MIN;A_NA;S_YES;T_SINT;DATASZ_8b;DATASZ_128b;3;OPRN_MEMORY_MEM128b_READ;OPRN_REGISTER_XMM_READ;OPRN_REGISTER_XMM_WRITE;;0;
VPMINSD;AVX2;FM_MIN;A_NA;S_YES;T_SINT;DATASZ_32b;DATASZ_256b;3;OPRN_MEMORY_MEM256b_READ;OPRN_REGISTER_YMM_READ;OPRN_REGISTER_YMM_WRITE;;0;
VPMINSD;AVX;FM_MIN;A_NA;S_YES;T_SINT;DATASZ_32b;DATASZ_128b;3;OPRN_MEMORY_MEM128b_READ;OPRN_REGISTER_XMM_READ;OPRN_REGISTER_XMM_WRITE;;0;
VPMINSW;AVX2;FM_MIN;A_NA;S_YES;T_SINT;DATASZ_16b;DATASZ_256b;3;OPRN_MEMORY_MEM256b_READ;OPRN_REGISTER_YMM_READ;OPRN_REGISTER_YMM_WRITE;;0;
VPMINSW;AVX;FM_MIN;A_NA;S_YES;T_SINT;DATASZ_16b;DATASZ_128b;3;OPRN_MEMORY_MEM128b_READ;OPRN_REGISTER_XMM_READ;OPRN_REGISTER_XMM_WRITE;;0;
VPMINUB;AVX2;FM_MIN;A_NA;S_YES;T_UINT;DATASZ_8b;DATASZ_256b;3;OPRN_MEMORY_MEM256b_READ;OPRN_REGISTER_YMM_READ;OPRN_REGISTER_YMM_WRITE;;0;
VPMINUB;AVX;FM_MIN;A_NA;S_YES;T_UINT;DATASZ_8b;DATASZ_128b;3;OPRN_MEMORY_MEM128b_READ;OPRN_REGISTER_XMM_READ;OPRN_REGISTER_XMM_WRITE;;0;
VPMINUD;AVX2;FM_MIN;A_NA;S_YES;T_UINT;DATASZ_32b;DATASZ_256b;3;OPRN_MEMORY_MEM256b_READ;OPRN_REGISTER_YMM_READ;OPRN_REGISTER_YMM_WRITE;;0;
VPMINUD;AVX;FM_MIN;A_NA;S_YES;T_UINT;DATASZ_32b;DATASZ_128b;3;OPRN_MEMORY_MEM128b_READ;OPRN_REGISTER_XMM_READ;OPRN_REGISTER_XMM_WRITE;;0;
VPMINUW;AVX2;FM_MIN;A_NA;S_YES;T_UINT;DATASZ_16b;DATASZ_256b;3;OPRN_MEMORY_MEM256b_READ;OPRN_REGISTER_YMM_READ;OPRN_REGISTER_YMM_WRITE;;0;
VPMINUW;AVX;FM_MIN;A_NA;S_YES;T_UINT;DATASZ_16b;DATASZ_128b;3;OPRN_MEMORY_MEM128b_READ;OPRN_REGISTER_XMM_READ;OPRN_REGISTER_XMM_WRITE;;0;
VPMOVSXBD;AVX2;FM_MOV;A_NA;S_YES;T_INT;DATASZ_8b;DATASZ_64b;2;OPRN_MEMORY_MEM64b_READ;OPRN_REGISTER_YMM_WRITE;;;0;
VPMOVSXBD;AVX;FM_MOV;A_NA;S_YES;T_INT;DATASZ_8b;DATASZ_32b;2;OPRN_MEMORY_MEM32b_READ;OPRN_REGISTER_XMM_WRITE;;;0;
VPMOVSXBQ;AVX2;FM_MOV;A_NA;S_YES;T_INT;DATASZ_8b;DATASZ_32b;2;OPRN_MEMORY_MEM32b_READ;OPRN_REGISTER_YMM_WRITE;;;0;
VPMOVSXBQ;AVX;FM_MOV;A_NA;S_YES;T_INT;DATASZ_8b;DATASZ_16b;2;OPRN_MEMORY_MEM16b_READ;OPRN_REGISTER_XMM_WRITE;;;0;
VPMOVSXBW;AVX2;FM_MOV;A_NA;S_YES;T_INT;DATASZ_8b;DATASZ_128b;2;OPRN_MEMORY_MEM128b_READ;OPRN_REGISTER_YMM_WRITE;;;0;
VPMOVSXBW;AVX;FM_MOV;A_NA;S_YES;T_INT;DATASZ_8b;DATASZ_64b;2;OPRN_MEMORY_MEM64b_READ;OPRN_REGISTER_XMM_WRITE;;;0;
VPMOVSXDQ;AVX2;FM_MOV;A_NA;S_YES;T_INT;DATASZ_32b;DATASZ_128b;2;OPRN_MEMORY_MEM128b_READ;OPRN_REGISTER_YMM_WRITE;;;0;
VPMOVSXDQ;AVX;FM_MOV;A_NA;S_YES;T_INT;DATASZ_32b;DATASZ_64b;2;OPRN_MEMORY_MEM64b_READ;OPRN_REGISTER_XMM_WRITE;;;0;
VPMOVSXWD;AVX2;FM_MOV;A_NA;S_YES;T_INT;DATASZ_16b;DATASZ_128b;2;OPRN_MEMORY_MEM128b_READ;OPRN_REGISTER_YMM_WRITE;;;0;
VPMOVSXWD;AVX;FM_MOV;A_NA;S_YES;T_INT;DATASZ_16b;DATASZ_64b;2;OPRN_MEMORY_MEM64b_READ;OPRN_REGISTER_XMM_WRITE;;;0;
VPMOVSXWQ;AVX2;FM_MOV;A_NA;S_YES;T_INT;DATASZ_16b;DATASZ_64b;2;OPRN_MEMORY_MEM64b_READ;OPRN_REGISTER_YMM_WRITE;;;0;
VPMOVSXWQ;AVX;FM_MOV;A_NA;S_YES;T_INT;DATASZ_16b;DATASZ_32b;2;OPRN_MEMORY_MEM32b_READ;OPRN_REGISTER_XMM_WRITE;;;0;
VPMOVZXBD;AVX2;FM_MOV;A_NA;S_YES;T_INT;DATASZ_8b;DATASZ_64b;2;OPRN_MEMORY_MEM64b_READ;OPRN_REGISTER_YMM_WRITE;;;0;
VPMOVZXBD;AVX;FM_MOV;A_NA;S_YES;T_INT;DATASZ_8b;DATASZ_32b;2;OPRN_MEMORY_MEM32b_READ;OPRN_REGISTER_XMM_WRITE;;;0;
VPMOVZXBQ;AVX2;FM_MOV;A_NA;S_YES;T_INT;DATASZ_8b;DATASZ_32b;2;OPRN_MEMORY_MEM32b_READ;OPRN_REGISTER_YMM_WRITE;;;0;
VPMOVZXBQ;AVX;FM_MOV;A_NA;S_YES;T_INT;DATASZ_8b;DATASZ_16b;2;OPRN_MEMORY_MEM16b_READ;OPRN_REGISTER_XMM_WRITE;;;0;
VPMOVZXBW;AVX2;FM_MOV;A_NA;S_YES;T_INT;DATASZ_8b;DATASZ_128b;2;OPRN_MEMORY_MEM128b_READ;OPRN_REGISTER_YMM_WRITE;;;0;
VPMOVZXBW;AVX;FM_MOV;A_NA;S_YES;T_INT;DATASZ_8b;DATASZ_64b;2;OPRN_MEMORY_MEM64b_READ;OPRN_REGISTER_XMM_WRITE;;;0;
VPMOVZXDQ;AVX2;FM_MOV;A_NA;S_YES;T_INT;DATASZ_32b;DATASZ_128b;2;OPRN_MEMORY_MEM128b_READ;OPRN_REGISTER_YMM_WRITE;;;0;
VPMOVZXDQ;AVX;FM_MOV;A_NA;S_YES;T_INT;DATASZ_32b;DATASZ_64b;2;OPRN_MEMORY_MEM64b_READ;OPRN_REGISTER_XMM_WRITE;;;0;
VPMOVZXWD;AVX2;FM_MOV;A_NA;S_YES;T_INT;DATASZ_16b;DATASZ_128b;2;OPRN_MEMORY_MEM128b_READ;OPRN_REGISTER_YMM_WRITE;;;0;
VPMOVZXWD;AVX;FM_MOV;A_NA;S_YES;T_INT;DATASZ_16b;DATASZ_64b;2;OPRN_MEMORY_MEM64b_READ;OPRN_REGISTER_XMM_WRITE;;;0;
VPMOVZXWQ;AVX2;FM_MOV;A_NA;S_YES;T_INT;DATASZ_16b;DATASZ_64b;2;OPRN_MEMORY_MEM64b_READ;OPRN_REGISTER_YMM_WRITE;;;0;
VPMOVZXWQ;AVX;FM_MOV;A_NA;S_YES;T_INT;DATASZ_16b;DATASZ_32b;2;OPRN_MEMORY_MEM32b_READ;OPRN_REGISTER_XMM_WRITE;;;0;
VPMULDQ;AVX2;FM_MUL;A_NA;S_YES;T_SINT;DATASZ_32b;DATASZ_256b;3;OPRN_MEMORY_MEM256b_READ;OPRN_REGISTER_YMM_READ;OPRN_REGISTER_YMM_WRITE;;0;
VPMULDQ;AVX;FM_MUL;A_NA;S_YES;T_SINT;DATASZ_32b;DATASZ_128b;3;OPRN_MEMORY_MEM128b_READ;OPRN_REGISTER_XMM_READ;OPRN_REGISTER_XMM_WRITE;;0;
VPMULHRSW;AVX2;FM_MUL;A_NA;S_YES;T_SINT;DATASZ_16b;DATASZ_256b;3;OPRN_MEMORY_MEM256b_READ;OPRN_REGISTER_YMM_READ;OPRN_REGISTER_YMM_WRITE;;0;
VPMULHRSW;AVX;FM_MUL;A_NA;S_YES;T_SINT;DATASZ_16b;DATASZ_128b;3;OPRN_MEMORY_MEM128b_READ;OPRN_REGISTER_XMM_READ;OPRN_REGISTER_XMM_WRITE;;0;
VPMULHUW;AVX2;FM_MUL;A_NA;S_YES;T_UINT;DATASZ_16b;DATASZ_256b;3;OPRN_MEMORY_MEM256b_READ;OPRN_REGISTER_YMM_READ;OPRN_REGISTER_YMM_WRITE;;0;
VPMULHUW;AVX;FM_MUL;A_NA;S_YES;T_UINT;DATASZ_16b;DATASZ_128b;3;OPRN_MEMORY_MEM128b_READ;OPRN_REGISTER_XMM_READ;OPRN_REGISTER_XMM_WRITE;;0;
VPMULHW;AVX2;FM_MUL;A_NA;S_YES;T_SINT;DATASZ_16b;DATASZ_256b;3;OPRN_MEMORY_MEM256b_READ;OPRN_REGISTER_YMM_READ;OPRN_REGISTER_YMM_WRITE;;0;
VPMULHW;AVX;FM_MUL;A_NA;S_YES;T_SINT;DATASZ_16b;DATASZ_128b;3;OPRN_MEMORY_MEM128b_READ;OPRN_REGISTER_XMM_READ;OPRN_REGISTER_XMM_WRITE;;0;
VPMULLD;AVX2;FM_MUL;A_NA;S_YES;T_SINT;DATASZ_32b;DATASZ_256b;3;OPRN_MEMORY_MEM256b_READ;OPRN_REGISTER_YMM_READ;OPRN_REGISTER_YMM_WRITE;;0;
VPMULLD;AVX;FM_MUL;A_NA;S_YES;T_SINT;DATASZ_32b;DATASZ_128b;3;OPRN_MEMORY_MEM128b_READ;OPRN_REGISTER_XMM_READ;OPRN_REGISTER_XMM_WRITE;;0;
VPMULLW;AVX2;FM_MUL;A_NA;S_YES;T_SINT;DATASZ_16b;DATASZ_256b;3;OPRN_MEMORY_MEM256b_READ;OPRN_REGISTER_YMM_READ;OPRN_REGISTER_YMM_WRITE;;0;
VPMULLW;AVX;FM_MUL;A_NA;S_YES;T_SINT;DATASZ_16b;DATASZ_128b;3;OPRN_MEMORY_MEM128b_READ;OPRN_REGISTER_XMM_READ;OPRN_REGISTER_XMM_WRITE;;0;
VPMULUDQ;AVX2;FM_MUL;A_NA;S_YES;T_UINT;DATASZ_32b;DATASZ_256b;3;OPRN_MEMORY_MEM256b_READ;OPRN_REGISTER_YMM_READ;OPRN_REGISTER_YMM_WRITE;;0;
VPMULUDQ;AVX;FM_MUL;A_NA;S_YES;T_UINT;DATASZ_32b;DATASZ_128b;3;OPRN_MEMORY_MEM128b_READ;OPRN_REGISTER_XMM_READ;OPRN_REGISTER_XMM_WRITE;;0;
VPOR;AVX2;FM_OR;A_NA;S_YES;T_BIT;DATASZ_256b;DATASZ_256b;3;OPRN_MEMORY_MEM256b_READ;OPRN_REGISTER_YMM_READ;OPRN_REGISTER_YMM_WRITE;;0;
VPOR;AVX;FM_OR;A_NA;S_YES;T_BIT;DATASZ_128b;DATASZ_128b;3;OPRN_MEMORY_MEM128b_READ;OPRN_REGISTER_XMM_READ;OPRN_REGISTER_XMM_WRITE;;0;
VPSADBW;AVX2;FM_DSP;A_NA;S_YES;T_UINT;DATASZ_8b;DATASZ_256b;3;OPRN_MEMORY_MEM256b_READ;OPRN_REGISTER_YMM_READ;OPRN_REGISTER_YMM_WRITE;;0;
VPSADBW;AVX;FM_DSP;A_NA;S_YES;T_UINT;DATASZ_8b;DATASZ_128b;3;OPRN_MEMORY_MEM128b_READ;OPRN_REGISTER_XMM_READ;OPRN_REGISTER_XMM_WRITE;;0;
VPSHUFB;AVX2;FM_SHUFFLE;A_NA;S_YES;T_UNDEF;DATASZ_8b;DATASZ_256b;3;OPRN_MEMORY_MEM256b_READ;OPRN_REGISTER_YMM_READ;OPRN_REGISTER_YMM_WRITE;;0;
VPSHUFB;AVX;FM_SHUFFLE;A_NA;S_YES;T_UNDEF;DATASZ_8b;DATASZ_128b;3;OPRN_MEMORY_MEM128b_READ;OPRN_REGISTER_XMM_READ;OPRN_REGISTER_XMM_WRITE;;0;
VPSHUFD;AVX2;FM_SHUFFLE;A_NA;S_YES;T_UNDEF;DATASZ_32b;DATASZ_256b;3;OPRN_IMMEDIATE_BYTE_ROLE_UNDEF;OPRN_MEMORY_MEM256b_READ;OPRN_REGISTER_YMM_WRITE;;0;
VPSHUFD;AVX;FM_SHUFFLE;A_NA;S_YES;T_UNDEF;DATASZ_32b;DATASZ_128b;3;OPRN_IMMEDIATE_BYTE_ROLE_UNDEF;OPRN_MEMORY_MEM128b_READ;OPRN_REGISTER_XMM_WRITE;;0;
VPSHUFHW;AVX2;FM_SHUFFLE;A_NA;S_YES;T_UNDEF;DATASZ_16b;DATASZ_256b;3;OPRN_IMMEDIATE_BYTE_ROLE_UNDEF;OPRN_MEMORY_MEM256b_READ;OPRN_REGISTER_YMM_WRITE;;0;
VPSHUFHW;AVX;FM_SHUFFLE;A_NA;S_YES;T_UNDEF;DATASZ_16b;DATASZ_128b;3;OPRN_IMMEDIATE_BYTE_ROLE_UNDEF;OPRN_MEMORY_MEM128b_READ;OPRN_REGISTER_XMM_WRITE;;0;
VPSHUFLW;AVX2;FM_SHUFFLE;A_NA;S_YES;T_UNDEF;DATASZ_16b;DATASZ_256b;3;OPRN_IMMEDIATE_BYTE_ROLE_UNDEF;OPRN_MEMORY_MEM256b_READ;OPRN_REGISTER_YMM_WRITE;;0;
VPSHUFLW;AVX;FM_SHUFFLE;A_NA;S_YES;T_UNDEF;DATASZ_16b;DATASZ_128b;3;OPRN_IMMEDIATE_BYTE_ROLE_UNDEF;OPRN_MEMORY_MEM128b_READ;OPRN_REGISTER_XMM_WRITE;;0;
VPSIGNB;AVX2;FM_NEG;A_NA;S_YES;T_INT;DATASZ_8b;DATASZ_256b;3;OPRN_MEMORY_MEM256b_READ;OPRN_REGISTER_YMM_READ;OPRN_REGISTER_YMM_WRITE;;0;
VPSIGNB;AVX;FM_NEG;A_NA;S_YES;T_INT;DATASZ_8b;DATASZ_128b;3;OPRN_MEMORY_MEM128b_READ;OPRN_REGISTER_XMM_READ;OPRN_REGISTER_XMM_WRITE;;0;
VPSIGND;AVX2;FM_NEG;A_NA;S_YES;T_INT;DATASZ_32b;DATASZ_256b;3;OPRN_MEMORY_MEM256b_READ;OPRN_REGISTER_YMM_READ;OPRN_REGISTER_YMM_WRITE;;0;
VPSIGND;AVX;FM_NEG;A_NA;S_YES;T_INT;DATASZ_32b;DATASZ_128b;3;OPRN_MEMORY_MEM128b_READ;OPRN_REGISTER_XMM_READ;OPRN_REGISTER_XMM_WRITE;;0;
VPSIGNW;AVX2;FM_NEG;A_NA;S_YES;T_INT;DATASZ_16b;DATASZ_256b;3;OPRN_MEMORY_MEM256b_READ;OPRN_REGISTER_YMM_READ;OPRN_REGISTER_YMM_WRITE;;0;
VPSIGNW;AVX;FM_NEG;A_NA;S_YES;T_INT;DATASZ_16b;DATASZ_128b;3;OPRN_MEMORY_MEM128b_READ;OPRN_REGISTER_XMM_READ;OPRN_REGISTER_XMM_WRITE;;0;
VPSLLD;AVX2;FM_SHIFT;A_NA;S_YES;T_BIT;DATASZ_32b;DATASZ_256b;3;OPRN_MEMORY_MEM128b_READ;OPRN_REGISTER_YMM_READ;OPRN_REGISTER_YMM_WRITE;;0;
VPSLLD;AVX;FM_SHIFT;A_NA;S_YES;T_BIT;DATASZ_32b;DATASZ_128b;3;OPRN_MEMORY_MEM128b_READ;OPRN_REGISTER_XMM_READ;OPRN_REGISTER_XMM_WRITE;;0;
VPSLLQ;AVX2;FM_SHIFT;A_NA;S_YES;T_BIT;DATASZ_64b;DATASZ_128b;3;OPRN_MEMORY_MEM128b_READ;OPRN_REGISTER_YMM_READ;OPRN_REGISTER_YMM_WRITE;;0;
VPSLLQ;AVX;FM_SHIFT;A_NA;S_YES;T_BIT;DATASZ_64b;DATASZ_128b;3;OPRN_MEMORY_MEM128b_READ;OPRN_REGISTER_XMM_READ;OPRN_REGISTER_XMM_WRITE;;0;
VPSLLVD;AVX2;FM_SHIFT;A_NA;S_YES;T_BIT;DATASZ_32b;DATASZ_128b;3;OPRN_MEMORY_MEM128b_READ;OPRN_REGISTER_XMM_READ;OPRN_REGISTER_XMM_WRITE;;0;
VPSLLVD;AVX2;FM_SHIFT;A_NA;S_YES;T_BIT;DATASZ_32b;DATASZ_256b;3;OPRN_MEMORY_MEM256b_READ;OPRN_REGISTER_YMM_READ;OPRN_REGISTER_YMM_WRITE;;0;
VPSLLVQ;AVX2;FM_SHIFT;A_NA;S_YES;T_BIT;DATASZ_64b;DATASZ_128b;3;OPRN_MEMORY_MEM128b_READ;OPRN_REGISTER_XMM_READ;OPRN_REGISTER_XMM_WRITE;;0;
VPSLLVQ;AVX2;FM_SHIFT;A_NA;S_YES;T_BIT;DATASZ_64b;DATASZ_256b;3;OPRN_MEMORY_MEM256b_READ;OPRN_REGISTER_YMM_READ;OPRN_REGISTER_YMM_WRITE;;0;
VPSLLW;AVX2;FM_SHIFT;A_NA;S_YES;T_BIT;DATASZ_16b;DATASZ_128b;3;OPRN_MEMORY_MEM128b_READ;OPRN_REGISTER_YMM_READ;OPRN_REGISTER_YMM_WRITE;;0;
VPSLLW;AVX;FM_SHIFT;A_NA;S_YES;T_BIT;DATASZ_16b;DATASZ_128b;3;OPRN_MEMORY_MEM128b_READ;OPRN_REGISTER_XMM_READ;OPRN_REGISTER_XMM_WRITE;;0;
VPSRAD;AVX2;FM_SHIFT;A_NA;S_YES;T_BIT;DATASZ_32b;DATASZ_128b;3;OPRN_MEMORY_MEM128b_READ;OPRN_REGISTER_YMM_READ;OPRN_REGISTER_YMM_WRITE;;0;
VPSRAD;AVX;FM_SHIFT;A_NA;S_YES;T_BIT;DATASZ_32b;DATASZ_128b;3;OPRN_MEMORY_MEM128b_READ;OPRN_REGISTER_XMM_READ;OPRN_REGISTER_XMM_WRITE;;0;
VPSRAVD;AVX2;FM_SHIFT;A_NA;S_YES;T_BIT;DATASZ_32b;DATASZ_128b;3;OPRN_MEMORY_MEM128b_READ;OPRN_REGISTER_XMM_READ;OPRN_REGISTER_XMM_WRITE;;0;
VPSRAVD;AVX2;FM_SHIFT;A_NA;S_YES;T_BIT;DATASZ_32b;DATASZ_256b;3;OPRN_MEMORY_MEM256b_READ;OPRN_REGISTER_YMM_READ;OPRN_REGISTER_YMM_WRITE;;0;
VPSRAW;AVX2;FM_SHIFT;A_NA;S_YES;T_BIT;DATASZ_16b;DATASZ_128b;3;OPRN_MEMORY_MEM128b_READ;OPRN_REGISTER_YMM_READ;OPRN_REGISTER_YMM_WRITE;;0;
VPSRAW;AVX;FM_SHIFT;A_NA;S_YES;T_BIT;DATASZ_16b;DATASZ_128b;3;OPRN_MEMORY_MEM128b_READ;OPRN_REGISTER_XMM_READ;OPRN_REGISTER_XMM_WRITE;;0;
VPSRLD;AVX2;FM_SHIFT;A_NA;S_YES;T_BIT;DATASZ_32b;DATASZ_256b;3;OPRN_MEMORY_MEM128b_READ;OPRN_REGISTER_YMM_READ;OPRN_REGISTER_YMM_WRITE;;0;
VPSRLD;AVX;FM_SHIFT;A_NA;S_YES;T_BIT;DATASZ_32b;DATASZ_128b;3;OPRN_MEMORY_MEM128b_READ;OPRN_REGISTER_XMM_READ;OPRN_REGISTER_XMM_WRITE;;0;
VPSRLQ;AVX2;FM_SHIFT;A_NA;S_YES;T_BIT;DATASZ_64b;DATASZ_256b;3;OPRN_MEMORY_MEM128b_READ;OPRN_REGISTER_YMM_READ;OPRN_REGISTER_YMM_WRITE;;0;
VPSRLQ;AVX;FM_SHIFT;A_NA;S_YES;T_BIT;DATASZ_64b;DATASZ_128b;3;OPRN_MEMORY_MEM128b_READ;OPRN_REGISTER_XMM_READ;OPRN_REGISTER_XMM_WRITE;;0;
VPSRLVD;AVX2;FM_SHIFT;A_NA;S_YES;T_BIT;DATASZ_32b;DATASZ_128b;3;OPRN_MEMORY_MEM128b_READ;OPRN_REGISTER_XMM_READ;OPRN_REGISTER_XMM_WRITE;;0;
VPSRLVD;AVX2;FM_SHIFT;A_NA;S_YES;T_BIT;DATASZ_32b;DATASZ_256b;3;OPRN_MEMORY_MEM256b_READ;OPRN_REGISTER_YMM_READ;OPRN_REGISTER_YMM_WRITE;;0;
VPSRLVQ;AVX2;FM_SHIFT;A_NA;S_YES;T_BIT;DATASZ_64b;DATASZ_128b;3;OPRN_MEMORY_MEM128b_READ;OPRN_REGISTER_XMM_READ;OPRN_REGISTER_XMM_WRITE;;0;
VPSRLVQ;AVX2;FM_SHIFT;A_NA;S_YES;T_BIT;DATASZ_64b;DATASZ_256b;3;OPRN_MEMORY_MEM256b_READ;OPRN_REGISTER_YMM_READ;OPRN_REGISTER_YMM_WRITE;;0;
VPSRLW;AVX2;FM_SHIFT;A_NA;S_YES;T_BIT;DATASZ_16b;DATASZ_256b;3;OPRN_MEMORY_MEM128b_READ;OPRN_REGISTER_YMM_READ;OPRN_REGISTER_YMM_WRITE;;0;
VPSRLW;AVX;FM_SHIFT;A_NA;S_YES;T_BIT;DATASZ_16b;DATASZ_128b;3;OPRN_MEMORY_MEM128b_READ;OPRN_REGISTER_XMM_READ;OPRN_REGISTER_XMM_WRITE;;0;
VPSUBB;AVX2;FM_SUB;A_NA;S_YES;T_INT;DATASZ_8b;DATASZ_256b;3;OPRN_MEMORY_MEM256b_READ;OPRN_REGISTER_YMM_READ;OPRN_REGISTER_YMM_WRITE;;0;
VPSUBB;AVX;FM_SUB;A_NA;S_YES;T_INT;DATASZ_8b;DATASZ_128b;3;OPRN_MEMORY_MEM128b_READ;OPRN_REGISTER_XMM_READ;OPRN_REGISTER_XMM_WRITE;;0;
VPSUBD;AVX2;FM_SUB;A_NA;S_YES;T_INT;DATASZ_32b;DATASZ_256b;3;OPRN_MEMORY_MEM256b_READ;OPRN_REGISTER_YMM_READ;OPRN_REGISTER_YMM_WRITE;;0;
VPSUBD;AVX;FM_SUB;A_NA;S_YES;T_INT;DATASZ_32b;DATASZ_128b;3;OPRN_MEMORY_MEM128b_READ;OPRN_REGISTER_XMM_READ;OPRN_REGISTER_XMM_WRITE;;0;
VPSUBQ;AVX2;FM_SUB;A_NA;S_YES;T_INT;DATASZ_64b;DATASZ_256b;3;OPRN_MEMORY_MEM256b_READ;OPRN_REGISTER_YMM_READ;OPRN_REGISTER_YMM_WRITE;;0;
VPSUBQ;AVX;FM_SUB;A_NA;S_YES;T_INT;DATASZ_64b;DATASZ_128b;3;OPRN_MEMORY_MEM128b_READ;OPRN_REGISTER_XMM_READ;OPRN_REGISTER_XMM_WRITE;;0;
VPSUBSB;AVX2;FM_SUB;A_NA;S_YES;T_SINT;DATASZ_8b;DATASZ_256b;3;OPRN_MEMORY_MEM256b_READ;OPRN_REGISTER_YMM_READ;OPRN_REGISTER_YMM_WRITE;;0;
VPSUBSB;AVX;FM_SUB;A_NA;S_YES;T_SINT;DATASZ_8b;DATASZ_128b;3;OPRN_MEMORY_MEM128b_READ;OPRN_REGISTER_XMM_READ;OPRN_REGISTER_XMM_WRITE;;0;
VPSUBSW;AVX2;FM_SUB;A_NA;S_YES;T_SINT;DATASZ_16b;DATASZ_256b;3;OPRN_MEMORY_MEM256b_READ;OPRN_REGISTER_YMM_READ;OPRN_REGISTER_YMM_WRITE;;0;
VPSUBSW;AVX;FM_SUB;A_NA;S_YES;T_SINT;DATASZ_16b;DATASZ_128b;3;OPRN_MEMORY_MEM128b_READ;OPRN_REGISTER_XMM_READ;OPRN_REGISTER_XMM_WRITE;;0;
VPSUBUSB;AVX2;FM_SUB;A_NA;S_YES;T_UINT;DATASZ_8b;DATASZ_256b;3;OPRN_MEMORY_MEM256b_READ;OPRN_REGISTER_YMM_READ;OPRN_REGISTER_YMM_WRITE;;0;
VPSUBUSB;AVX;FM_SUB;A_NA;S_YES;T_UINT;DATASZ_8b;DATASZ_128b;3;OPRN_MEMORY_MEM128b_READ;OPRN_REGISTER_XMM_READ;OPRN_REGISTER_XMM_WRITE;;0;
VPSUBUSW;AVX2;FM_SUB;A_NA;S_YES;T_UINT;DATASZ_16b;DATASZ_256b;3;OPRN_MEMORY_MEM256b_READ;OPRN_REGISTER_YMM_READ;OPRN_REGISTER_YMM_WRITE;;0;
VPSUBUSW;AVX;FM_SUB;A_NA;S_YES;T_UINT;DATASZ_16b;DATASZ_128b;3;OPRN_MEMORY_MEM128b_READ;OPRN_REGISTER_XMM_READ;OPRN_REGISTER_XMM_WRITE;;0;
VPSUBW;AVX2;FM_SUB;A_NA;S_YES;T_INT;DATASZ_16b;DATASZ_256b;3;OPRN_MEMORY_MEM256b_READ;OPRN_REGISTER_YMM_READ;OPRN_REGISTER_YMM_WRITE;;0;
VPSUBW;AVX;FM_SUB;A_NA;S_YES;T_INT;DATASZ_16b;DATASZ_128b;3;OPRN_MEMORY_MEM128b_READ;OPRN_REGISTER_XMM_READ;OPRN_REGISTER_XMM_WRITE;;0;
VPTEST;AVX;FM_CMP;A_NA;S_YES;T_BIT;DATASZ_128b;DATASZ_128b;2;OPRN_MEMORY_MEM128b_READ;OPRN_REGISTER_XMM_READ;;;0;
VPTEST;AVX;FM_CMP;A_NA;S_YES;T_BIT;DATASZ_256b;DATASZ_256b;2;OPRN_MEMORY_MEM256b_READ;OPRN_REGISTER_YMM_READ;;;0;
VPUNPCKHBW;AVX2;FM_MERGE;A_NA;S_YES;T_UNDEF;DATASZ_8b;DATASZ_128b;3;OPRN_MEMORY_MEM256b_READ;OPRN_REGISTER_YMM_READ;OPRN_REGISTER_YMM_WRITE;;0;
VPUNPCKHBW;AVX;FM_MERGE;A_NA;S_YES;T_UNDEF;DATASZ_8b;DATASZ_64b;3;OPRN_MEMORY_MEM128b_READ;OPRN_REGISTER_XMM_READ;OPRN_REGISTER_XMM_WRITE;;0;
VPUNPCKHDQ;AVX2;FM_MERGE;A_NA;S_YES;T_UNDEF;DATASZ_32b;DATASZ_128b;3;OPRN_MEMORY_MEM256b_READ;OPRN_REGISTER_YMM_READ;OPRN_REGISTER_YMM_WRITE;;0;
VPUNPCKHDQ;AVX;FM_MERGE;A_NA;S_YES;T_UNDEF;DATASZ_32b;DATASZ_64b;3;OPRN_MEMORY_MEM128b_READ;OPRN_REGISTER_XMM_READ;OPRN_REGISTER_XMM_WRITE;;0;
VPUNPCKHQDQ;AVX2;FM_MERGE;A_NA;S_YES;T_UNDEF;DATASZ_64b;DATASZ_128b;3;OPRN_MEMORY_MEM256b_READ;OPRN_REGISTER_YMM_READ;OPRN_REGISTER_YMM_WRITE;;0;
VPUNPCKHQDQ;AVX;FM_MERGE;A_NA;S_YES;T_UNDEF;DATASZ_64b;DATASZ_64b;3;OPRN_MEMORY_MEM128b_READ;OPRN_REGISTER_XMM_READ;OPRN_REGISTER_XMM_WRITE;;0;
VPUNPCKHWD;AVX2;FM_MERGE;A_NA;S_YES;T_UNDEF;DATASZ_16b;DATASZ_128b;3;OPRN_MEMORY_MEM256b_READ;OPRN_REGISTER_YMM_READ;OPRN_REGISTER_YMM_WRITE;;0;
VPUNPCKHWD;AVX;FM_MERGE;A_NA;S_YES;T_UNDEF;DATASZ_16b;DATASZ_64b;3;OPRN_MEMORY_MEM128b_READ;OPRN_REGISTER_XMM_READ;OPRN_REGISTER_XMM_WRITE;;0;
VPUNPCKLBW;AVX2;FM_MERGE;A_NA;S_YES;T_UNDEF;DATASZ_8b;DATASZ_128b;3;OPRN_MEMORY_MEM256b_READ;OPRN_REGISTER_YMM_READ;OPRN_REGISTER_YMM_WRITE;;0;
VPUNPCKLBW;AVX;FM_MERGE;A_NA;S_YES;T_UNDEF;DATASZ_8b;DATASZ_64b;3;OPRN_MEMORY_MEM128b_READ;OPRN_REGISTER_XMM_READ;OPRN_REGISTER_XMM_WRITE;;0;
VPUNPCKLDQ;AVX2;FM_MERGE;A_NA;S_YES;T_UNDEF;DATASZ_32b;DATASZ_128b;3;OPRN_MEMORY_MEM256b_READ;OPRN_REGISTER_YMM_READ;OPRN_REGISTER_YMM_WRITE;;0;
VPUNPCKLDQ;AVX;FM_MERGE;A_NA;S_YES;T_UNDEF;DATASZ_32b;DATASZ_64b;3;OPRN_MEMORY_MEM128b_READ;OPRN_REGISTER_XMM_READ;OPRN_REGISTER_XMM_WRITE;;0;
VPUNPCKLQDQ;AVX2;FM_MERGE;A_NA;S_YES;T_UNDEF;DATASZ_64b;DATASZ_128b;3;OPRN_MEMORY_MEM256b_READ;OPRN_REGISTER_YMM_READ;OPRN_REGISTER_YMM_WRITE;;0;
VPUNPCKLQDQ;AVX;FM_MERGE;A_NA;S_YES;T_UNDEF;DATASZ_64b;DATASZ_64b;3;OPRN_MEMORY_MEM128b_READ;OPRN_REGISTER_XMM_READ;OPRN_REGISTER_XMM_WRITE;;0;
VPUNPCKLWD;AVX2;FM_MERGE;A_NA;S_YES;T_UNDEF;DATASZ_16b;DATASZ_128b;3;OPRN_MEMORY_MEM256b_READ;OPRN_REGISTER_YMM_READ;OPRN_REGISTER_YMM_WRITE;;0;
VPUNPCKLWD;AVX;FM_MERGE;A_NA;S_YES;T_UNDEF;DATASZ_16b;DATASZ_64b;3;OPRN_MEMORY_MEM128b_READ;OPRN_REGISTER_XMM_READ;OPRN_REGISTER_XMM_WRITE;;0;
VPXOR;AVX2;FM_XOR;A_NA;S_YES;T_BIT;DATASZ_256b;DATASZ_256b;3;OPRN_MEMORY_MEM256b_READ;OPRN_REGISTER_YMM_READ;OPRN_REGISTER_YMM_WRITE;;0;
VPXOR;AVX;FM_XOR;A_NA;S_YES;T_BIT;DATASZ_128b;DATASZ_128b;3;OPRN_MEMORY_MEM128b_READ;OPRN_REGISTER_XMM_READ;OPRN_REGISTER_XMM_WRITE;;0;
VRCPPS;AVX;FM_RCP;A_NA;S_YES;T_FP;DATASZ_32b;DATASZ_128b;2;OPRN_MEMORY_MEM128b_READ;OPRN_REGISTER_XMM_WRITE;;;0;
VRCPPS;AVX;FM_RCP;A_NA;S_YES;T_FP;DATASZ_32b;DATASZ_256b;2;OPRN_MEMORY_MEM256b_READ;OPRN_REGISTER_YMM_WRITE;;;0;
VRCPSS;AVX;FM_RCP;A_NA;S_YES;T_FP;DATASZ_32b;DATASZ_32b;3;OPRN_MEMORY_MEM32b_READ;OPRN_REGISTER_XMM_READ;OPRN_REGISTER_XMM_WRITE;;0;
VROUNDPD;AVX;FM_RND;A_NA;S_YES;T_FP;DATASZ_64b;DATASZ_128b;3;OPRN_IMMEDIATE_BYTE_ROLE_UNDEF;OPRN_MEMORY_MEM128b_READ;OPRN_REGISTER_XMM_WRITE;;0;
VROUNDPD;AVX;FM_RND;A_NA;S_YES;T_FP;DATASZ_64b;DATASZ_256b;3;OPRN_IMMEDIATE_BYTE_ROLE_UNDEF;OPRN_MEMORY_MEM256b_READ;OPRN_REGISTER_YMM_WRITE;;0;
VROUNDPS;AVX;FM_RND;A_NA;S_YES;T_FP;DATASZ_32b;DATASZ_128b;3;OPRN_IMMEDIATE_BYTE_ROLE_UNDEF;OPRN_MEMORY_MEM128b_READ;OPRN_REGISTER_XMM_WRITE;;0;
VROUNDPS;AVX;FM_RND;A_NA;S_YES;T_FP;DATASZ_32b;DATASZ_256b;3;OPRN_IMMEDIATE_BYTE_ROLE_UNDEF;OPRN_MEMORY_MEM256b_READ;OPRN_REGISTER_YMM_WRITE;;0;
VROUNDSD;AVX;FM_RND;A_NA;S_YES;T_FP;DATASZ_64b;DATASZ_64b;4;OPRN_IMMEDIATE_BYTE_ROLE_UNDEF;OPRN_MEMORY_MEM64b_READ;OPRN_REGISTER_XMM_READ;OPRN_REGISTER_XMM_WRITE;0;
VROUNDSS;AVX;FM_RND;A_NA;S_YES;T_FP;DATASZ_32b;DATASZ_32b;4;OPRN_IMMEDIATE_BYTE_ROLE_UNDEF;OPRN_MEMORY_MEM32b_READ;OPRN_REGISTER_XMM_READ;OPRN_REGISTER_XMM_WRITE;0;
VRSQRTPS;AVX;FM_RSQRT;A_NA;S_YES;T_FP;DATASZ_32b;DATASZ_128b;2;OPRN_MEMORY_MEM128b_READ;OPRN_REGISTER_XMM_WRITE;;;0;
VRSQRTPS;AVX;FM_RSQRT;A_NA;S_YES;T_FP;DATASZ_32b;DATASZ_256b;2;OPRN_MEMORY_MEM256b_READ;OPRN_REGISTER_YMM_WRITE;;;0;
VRSQRTSS;AVX;FM_RSQRT;A_NA;S_YES;T_FP;DATASZ_32b;DATASZ_32b;3;OPRN_MEMORY_MEM32b_READ;OPRN_REGISTER_XMM_READ;OPRN_REGISTER_XMM_WRITE;;0;
VSHUFPD;AVX;FM_SHUFFLE;A_NA;S_YES;T_FP;DATASZ_64b;DATASZ_128b;4;OPRN_IMMEDIATE_BYTE_ROLE_UNDEF;OPRN_MEMORY_MEM128b_READ;OPRN_REGISTER_XMM_READ;OPRN_REGISTER_XMM_WRITE;0;
VSHUFPD;AVX;FM_SHUFFLE;A_NA;S_YES;T_FP;DATASZ_64b;DATASZ_256b;4;OPRN_IMMEDIATE_BYTE_ROLE_UNDEF;OPRN_MEMORY_MEM256b_READ;OPRN_REGISTER_YMM_READ;OPRN_REGISTER_YMM_WRITE;0;
VSHUFPS;AVX;FM_SHUFFLE;A_NA;S_YES;T_FP;DATASZ_32b;DATASZ_128b;4;OPRN_IMMEDIATE_BYTE_ROLE_UNDEF;OPRN_MEMORY_MEM128b_READ;OPRN_REGISTER_XMM_READ;OPRN_REGISTER_XMM_WRITE;0;
VSHUFPS;AVX;FM_SHUFFLE;A_NA;S_YES;T_FP;DATASZ_32b;DATASZ_256b;4;OPRN_IMMEDIATE_BYTE_ROLE_UNDEF;OPRN_MEMORY_MEM256b_READ;OPRN_REGISTER_YMM_READ;OPRN_REGISTER_YMM_WRITE;0;
VSQRTPD;AVX;FM_SQRT;A_NA;S_YES;T_FP;DATASZ_64b;DATASZ_128b;2;OPRN_MEMORY_MEM128b_READ;OPRN_REGISTER_XMM_WRITE;;;0;
VSQRTPD;AVX;FM_SQRT;A_NA;S_YES;T_FP;DATASZ_64b;DATASZ_256b;2;OPRN_MEMORY_MEM256b_READ;OPRN_REGISTER_YMM_WRITE;;;0;
VSQRTPS;AVX;FM_SQRT;A_NA;S_YES;T_FP;DATASZ_32b;DATASZ_128b;2;OPRN_MEMORY_MEM128b_READ;OPRN_REGISTER_XMM_WRITE;;;0;
VSQRTPS;AVX;FM_SQRT;A_NA;S_YES;T_FP;DATASZ_32b;DATASZ_256b;2;OPRN_MEMORY_MEM256b_READ;OPRN_REGISTER_YMM_WRITE;;;0;
VSQRTSD;AVX;FM_SQRT;A_NA;S_YES;T_FP;DATASZ_64b;DATASZ_64b;3;OPRN_MEMORY_MEM64b_READ;OPRN_REGISTER_XMM_READ;OPRN_REGISTER_XMM_WRITE;;0;
VSQRTSS;AVX;FM_SQRT;A_NA;S_YES;T_FP;DATASZ_32b;DATASZ_32b;3;OPRN_MEMORY_MEM32b_READ;OPRN_REGISTER_XMM_READ;OPRN_REGISTER_XMM_WRITE;;0;
VSTMXCSR;AVX;FM_ENV;A_NA;S_NO;T_UNDEF;DATASZ_32b;DATASZ_UNDEF;1;OPRN_MEMORY_MEM32b_WRITE;;;;0;
VSUBPD;AVX;FM_SUB;A_NA;S_YES;T_FP;DATASZ_64b;DATASZ_128b;3;OPRN_MEMORY_MEM128b_READ;OPRN_REGISTER_XMM_READ;OPRN_REGISTER_XMM_WRITE;;0;
VSUBPD;AVX;FM_SUB;A_NA;S_YES;T_FP;DATASZ_64b;DATASZ_256b;3;OPRN_MEMORY_MEM256b_READ;OPRN_REGISTER_YMM_READ;OPRN_REGISTER_YMM_WRITE;;0;
VSUBPS;AVX;FM_SUB;A_NA;S_YES;T_FP;DATASZ_32b;DATASZ_128b;3;OPRN_MEMORY_MEM128b_READ;OPRN_REGISTER_XMM_READ;OPRN_REGISTER_XMM_WRITE;;0;
VSUBPS;AVX;FM_SUB;A_NA;S_YES;T_FP;DATASZ_32b;DATASZ_256b;3;OPRN_MEMORY_MEM256b_READ;OPRN_REGISTER_YMM_READ;OPRN_REGISTER_YMM_WRITE;;0;
VSUBSD;AVX;FM_SUB;A_NA;S_YES;T_FP;DATASZ_64b;DATASZ_64b;3;OPRN_MEMORY_MEM64b_READ;OPRN_REGISTER_XMM_READ;OPRN_REGISTER_XMM_WRITE;;0;
VSUBSS;AVX;FM_SUB;A_NA;S_YES;T_FP;DATASZ_32b;DATASZ_32b;3;OPRN_MEMORY_MEM32b_READ;OPRN_REGISTER_XMM_READ;OPRN_REGISTER_XMM_WRITE;;0;
VTESTPD;AVX;FM_CMP;A_NA;S_YES;T_FP;DATASZ_64b;DATASZ_128b;2;OPRN_MEMORY_MEM128b_READ;OPRN_REGISTER_XMM_READ;;;0;
VTESTPD;AVX;FM_CMP;A_NA;S_YES;T_FP;DATASZ_64b;DATASZ_256b;2;OPRN_MEMORY_MEM256b_READ;OPRN_REGISTER_YMM_READ;;;0;
VTESTPS;AVX;FM_CMP;A_NA;S_YES;T_FP;DATASZ_32b;DATASZ_128b;2;OPRN_MEMORY_MEM128b_READ;OPRN_REGISTER_XMM_READ;;;0;
VTESTPS;AVX;FM_CMP;A_NA;S_YES;T_FP;DATASZ_32b;DATASZ_256b;2;OPRN_MEMORY_MEM256b_READ;OPRN_REGISTER_YMM_READ;;;0;
VUCOMISD;AVX;FM_CMP;A_NA;S_YES;T_FP;DATASZ_64b;DATASZ_64b;2;OPRN_MEMORY_MEM64b_READ;OPRN_REGISTER_XMM_READ;;;0;
VUCOMISS;AVX;FM_CMP;A_NA;S_YES;T_FP;DATASZ_32b;DATASZ_32b;2;OPRN_MEMORY_MEM32b_READ;OPRN_REGISTER_XMM_READ;;;0;
VUNPCKHPD;AVX;FM_MERGE;A_NA;S_YES;T_FP;DATASZ_64b;DATASZ_128b;3;OPRN_MEMORY_MEM256b_READ;OPRN_REGISTER_YMM_READ;OPRN_REGISTER_YMM_WRITE;;0;
VUNPCKHPD;AVX;FM_MERGE;A_NA;S_YES;T_FP;DATASZ_64b;DATASZ_64b;3;OPRN_MEMORY_MEM128b_READ;OPRN_REGISTER_XMM_READ;OPRN_REGISTER_XMM_WRITE;;0;
VUNPCKHPS;AVX;FM_MERGE;A_NA;S_YES;T_FP;DATASZ_32b;DATASZ_128b;3;OPRN_MEMORY_MEM256b_READ;OPRN_REGISTER_YMM_READ;OPRN_REGISTER_YMM_WRITE;;0;
VUNPCKHPS;AVX;FM_MERGE;A_NA;S_YES;T_FP;DATASZ_32b;DATASZ_64b;3;OPRN_MEMORY_MEM128b_READ;OPRN_REGISTER_XMM_READ;OPRN_REGISTER_XMM_WRITE;;0;
VUNPCKLPD;AVX;FM_MERGE;A_NA;S_YES;T_FP;DATASZ_64b;DATASZ_128b;3;OPRN_MEMORY_MEM256b_READ;OPRN_REGISTER_YMM_READ;OPRN_REGISTER_YMM_WRITE;;0;
VUNPCKLPD;AVX;FM_MERGE;A_NA;S_YES;T_FP;DATASZ_64b;DATASZ_64b;3;OPRN_MEMORY_MEM128b_READ;OPRN_REGISTER_XMM_READ;OPRN_REGISTER_XMM_WRITE;;0;
VUNPCKLPS;AVX;FM_MERGE;A_NA;S_YES;T_FP;DATASZ_32b;DATASZ_128b;3;OPRN_MEMORY_MEM256b_READ;OPRN_REGISTER_YMM_READ;OPRN_REGISTER_YMM_WRITE;;0;
VUNPCKLPS;AVX;FM_MERGE;A_NA;S_YES;T_FP;DATASZ_32b;DATASZ_64b;3;OPRN_MEMORY_MEM128b_READ;OPRN_REGISTER_XMM_READ;OPRN_REGISTER_XMM_WRITE;;0;
VXORPD;AVX;FM_XOR;A_NA;S_YES;T_FP;DATASZ_64b;DATASZ_128b;3;OPRN_MEMORY_MEM128b_READ;OPRN_REGISTER_XMM_READ;OPRN_REGISTER_XMM_WRITE;;0;
VXORPD;AVX;FM_XOR;A_NA;S_YES;T_FP;DATASZ_64b;DATASZ_256b;3;OPRN_MEMORY_MEM256b_READ;OPRN_REGISTER_YMM_READ;OPRN_REGISTER_YMM_WRITE;;0;
VXORPS;AVX;FM_XOR;A_NA;S_YES;T_FP;DATASZ_32b;DATASZ_128b;3;OPRN_MEMORY_MEM128b_READ;OPRN_REGISTER_XMM_READ;OPRN_REGISTER_XMM_WRITE;;0;
VXORPS;AVX;FM_XOR;A_NA;S_YES;T_FP;DATASZ_32b;DATASZ_256b;3;OPRN_MEMORY_MEM256b_READ;OPRN_REGISTER_YMM_READ;OPRN_REGISTER_YMM_WRITE;;0;
