ADDPD;SSE2;FM_ADD;A_NA;S_YES;T_FP;DATASZ_64b;DATASZ_128b;2;OPRN_MEMORY_MEM128b_READ;OPRN_REGISTER_XMM_READ_WRITE;;;0;
ADDPS;SSE;FM_ADD;A_NA;S_YES;T_FP;DATASZ_32b;DATASZ_128b;2;OPRN_MEMORY_MEM128b_READ;OPRN_REGISTER_XMM_READ_WRITE;;;0;
ADDSD;SSE2;FM_ADD;A_NA;S_YES;T_FP;DATASZ_64b;DATASZ_64b;2;OPRN_MEMORY_MEM64b_READ;OPRN_REGISTER_XMM_READ_WRITE;;;0;
ADDSS;SSE;FM_ADD;A_NA;S_YES;T_FP;DATASZ_32b;DATASZ_32b;2;OPRN_MEMORY_MEM32b_READ;OPRN_REGISTER_XMM_READ_WRITE;;;0;
ADDSUBPD;SSE3;FM_ADD;A_NA;S_YES;T_FP;DATASZ_64b;DATASZ_128b;2;OPRN_MEMORY_MEM128b_READ;OPRN_REGISTER_XMM_READ_WRITE;;;0;
ADDSUBPS;SSE3;FM_ADD;A_NA;S_YES;T_FP;DATASZ_32b;DATASZ_128b;2;OPRN_MEMORY_MEM128b_READ;OPRN_REGISTER_XMM_READ_WRITE;;;0;
ANDNPD;SSE2;FM_AND;A_NA;S_YES;T_FP;DATASZ_64b;DATASZ_128b;2;OPRN_MEMORY_MEM128b_READ;OPRN_REGISTER_XMM_READ_WRITE;;;0;
ANDNPS;SSE;FM_AND;A_NA;S_YES;T_FP;DATASZ_32b;DATASZ_128b;2;OPRN_MEMORY_MEM128b_READ;OPRN_REGISTER_XMM_READ_WRITE;;;0;
ANDPD;SSE2;FM_AND;A_NA;S_YES;T_FP;DATASZ_64b;DATASZ_128b;2;OPRN_MEMORY_MEM128b_READ;OPRN_REGISTER_XMM_READ_WRITE;;;0;
ANDPS;SSE;FM_AND;A_NA;S_YES;T_FP;DATASZ_32b;DATASZ_128b;2;OPRN_MEMORY_MEM128b_READ;OPRN_REGISTER_XMM_READ_WRITE;;;0;
BLENDPD;SSE4_1;FM_MERGE;A_NA;S_YES;T_FP;DATASZ_64b;DATASZ_128b;3;OPRN_IMMEDIATE_BYTE_ROLE_UNDEF;OPRN_MEMORY_MEM128b_READ;OPRN_REGISTER_XMM_WRITE;;0;
BLENDPS;SSE4_1;FM_MERGE;A_NA;S_YES;T_FP;DATASZ_32b;DATASZ_128b;3;OPRN_IMMEDIATE_BYTE_ROLE_UNDEF;OPRN_MEMORY_MEM128b_READ;OPRN_REGISTER_XMM_WRITE;;0;
BLENDVPD;SSE4_1;FM_MERGE;A_NA;S_YES;T_FP;DATASZ_64b;DATASZ_128b;2;OPRN_MEMORY_MEM128b_READ;OPRN_REGISTER_XMM_READ_WRITE;;;0;
BLENDVPS;SSE4_1;FM_MERGE;A_NA;S_YES;T_FP;DATASZ_32b;DATASZ_128b;2;OPRN_MEMORY_MEM128b_READ;OPRN_REGISTER_XMM_READ_WRITE;;;0;
CMPPD;SSE2;FM_CMP;A_NA;S_YES;T_FP;DATASZ_64b;DATASZ_128b;3;OPRN_IMMEDIATE_BYTE_ROLE_UNDEF;OPRN_MEMORY_MEM128b_READ;OPRN_REGISTER_XMM_READ_WRITE;;0;
CMPPS;SSE;FM_CMP;A_NA;S_YES;T_FP;DATASZ_32b;DATASZ_128b;3;OPRN_IMMEDIATE_BYTE_ROLE_UNDEF;OPRN_MEMORY_MEM128b_READ;OPRN_REGISTER_XMM_READ_WRITE;;0;
CMPSD;SSE2;FM_CMP;A_NA;S_YES;T_FP;DATASZ_64b;DATASZ_64b;3;OPRN_IMMEDIATE_BYTE_ROLE_UNDEF;OPRN_MEMORY_MEM64b_READ;OPRN_REGISTER_XMM_WRITE;;0;
CMPSS;SSE;FM_CMP;A_NA;S_YES;T_FP;DATASZ_32b;DATASZ_32b;3;OPRN_IMMEDIATE_BYTE_ROLE_UNDEF;OPRN_MEMORY_MEM32b_READ;OPRN_REGISTER_XMM_WRITE;;0;
COMISD;SSE2;FM_CMP;A_NA;S_YES;T_FP;DATASZ_64b;DATASZ_64b;2;OPRN_MEMORY_MEM64b_READ;OPRN_REGISTER_XMM_READ;;;0;
COMISS;SSE;FM_CMP;A_NA;S_YES;T_FP;DATASZ_32b;DATASZ_32b;2;OPRN_MEMORY_MEM32b_READ;OPRN_REGISTER_XMM_READ;;;0;
CVTDQ2PD;SSE2;FM_CVT;A_NA;S_YES;T_SINT;DATASZ_32b;DATASZ_64b;2;OPRN_MEMORY_MEM64b_READ;OPRN_REGISTER_XMM_WRITE;;;0;
CVTDQ2PS;SSE2;FM_CVT;A_NA;S_YES;T_SINT;DATASZ_32b;DATASZ_128b;2;OPRN_MEMORY_MEM128b_READ;OPRN_REGISTER_XMM_WRITE;;;0;
CVTPD2DQ;SSE2;FM_CVT;A_NA;S_YES;T_FP;DATASZ_64b;DATASZ_128b;2;OPRN_MEMORY_MEM128b_READ;OPRN_REGISTER_XMM_WRITE;;;0;
CVTPD2PS;SSE2;FM_CVT;A_NA;S_YES;T_FP;DATASZ_64b;DATASZ_128b;2;OPRN_MEMORY_MEM128b_READ;OPRN_REGISTER_XMM_WRITE;;;0;
CVTPS2DQ;SSE2;FM_CVT;A_NA;S_YES;T_FP;DATASZ_32b;DATASZ_128b;2;OPRN_MEMORY_MEM128b_READ;OPRN_REGISTER_XMM_WRITE;;;0;
CVTPS2PD;SSE2;FM_CVT;A_NA;S_YES;T_FP;DATASZ_32b;DATASZ_64b;2;OPRN_MEMORY_MEM64b_READ;OPRN_REGISTER_XMM_WRITE;;;0;
CVTSD2SI;SSE2;FM_CVT;A_NA;S_YES;T_FP;DATASZ_64b;DATASZ_64b;2;OPRN_MEMORY_MEM64b_READ;OPRN_REGISTER_STDLONG_WRITE;;;0;
CVTSD2SI;SSE2;FM_CVT;A_NA;S_YES;T_FP;DATASZ_64b;DATASZ_64b;2;OPRN_MEMORY_MEM64b_READ;OPRN_REGISTER_STDQUAD_WRITE;;;0;
CVTSD2SS;SSE2;FM_CVT;A_NA;S_YES;T_FP;DATASZ_64b;DATASZ_64b;2;OPRN_MEMORY_MEM64b_READ;OPRN_REGISTER_XMM_WRITE;;;0;
CVTSI2SD;SSE2;FM_CVT;A_NA;S_YES;T_SINT;DATASZ_32b;DATASZ_32b;2;OPRN_MEMORY_MEM32b_READ;OPRN_REGISTER_XMM_WRITE;;;0;
CVTSI2SD;SSE2;FM_CVT;A_NA;S_YES;T_SINT;DATASZ_64b;DATASZ_64b;2;OPRN_MEMORY_MEM64b_READ;OPRN_REGISTER_XMM_WRITE;;;0;
CVTSI2SS;SSE;FM_CVT;A_NA;S_YES;T_SINT;DATASZ_32b;DATASZ_32b;2;OPRN_MEMORY_MEM32b_READ;OPRN_REGISTER_XMM_WRITE;;;0;
CVTSI2SS;SSE;FM_CVT;A_NA;S_YES;T_SINT;DATASZ_64b;DATASZ_64b;2;OPRN_MEMORY_MEM64b_READ;OPRN_REGISTER_XMM_WRITE;;;0;
CVTSS2SD;SSE2;FM_CVT;A_NA;S_YES;T_FP;DATASZ_32b;DATASZ_32b;2;OPRN_MEMORY_MEM32b_READ;OPRN_REGISTER_XMM_WRITE;;;0;
CVTSS2SI;SSE;FM_CVT;A_NA;S_YES;T_FP;DATASZ_32b;DATASZ_32b;2;OPRN_MEMORY_MEM32b_READ;OPRN_REGISTER_STDLONG_WRITE;;;0;
CVTSS2SI;SSE;FM_CVT;A_NA;S_YES;T_FP;DATASZ_32b;DATASZ_32b;2;OPRN_MEMORY_MEM32b_READ;OPRN_REGISTER_STDQUAD_WRITE;;;0;
CVTTPD2DQ;SSE2;FM_CVT;A_NA;S_YES;T_FP;DATASZ_64b;DATASZ_128b;2;OPRN_MEMORY_MEM128b_READ;OPRN_REGISTER_XMM_WRITE;;;0;
CVTTPS2DQ;SSE2;FM_CVT;A_NA;S_YES;T_FP;DATASZ_32b;DATASZ_128b;2;OPRN_MEMORY_MEM128b_READ;OPRN_REGISTER_XMM_WRITE;;;0;
CVTTSD2SI;SSE2;FM_CVT;A_NA;S_YES;T_FP;DATASZ_64b;DATASZ_64b;2;OPRN_MEMORY_MEM64b_READ;OPRN_REGISTER_STDLONG_WRITE;;;0;
CVTTSD2SI;SSE2;FM_CVT;A_NA;S_YES;T_FP;DATASZ_64b;DATASZ_64b;2;OPRN_MEMORY_MEM64b_READ;OPRN_REGISTER_STDQUAD_WRITE;;;0;
CVTTSS2SI;SSE;FM_CVT;A_NA;S_YES;T_FP;DATASZ_32b;DATASZ_32b;2;OPRN_MEMORY_MEM32b_READ;OPRN_REGISTER_STDLONG_WRITE;;;0;
CVTTSS2SI;SSE;FM_CVT;A_NA;S_YES;T_FP;DATASZ_32b;DATASZ_32b;2;OPRN_MEMORY_MEM32b_READ;OPRN_REGISTER_STDQUAD_WRITE;;;0;
DIVPD;SSE2;FM_DIV;A_NA;S_YES;T_FP;DATASZ_64b;DATASZ_128b;2;OPRN_MEMORY_MEM128b_READ;OPRN_REGISTER_XMM_READ_WRITE;;;0;
DIVPS;SSE;FM_DIV;A_NA;S_YES;T_FP;DATASZ_32b;DATASZ_128b;2;OPRN_MEMORY_MEM128b_READ;OPRN_REGISTER_XMM_READ_WRITE;;;0;
DIVSD;SSE2;FM_DIV;A_NA;S_YES;T_FP;DATASZ_64b;DATASZ_64b;2;OPRN_MEMORY_MEM64b_READ;OPRN_REGISTER_XMM_READ_WRITE;;;0;
DIVSS;SSE;FM_DIV;A_NA;S_YES;T_FP;DATASZ_32b;DATASZ_32b;2;OPRN_MEMORY_MEM32b_READ;OPRN_REGISTER_XMM_READ_WRITE;;;0;
DPPD;SSE4_1;FM_OTHER_ARITH;A_NA;S_YES;T_FP;DATASZ_64b;DATASZ_128b;3;OPRN_IMMEDIATE_BYTE_ROLE_UNDEF;OPRN_MEMORY_MEM128b_READ;OPRN_REGISTER_XMM_READ_WRITE;;0;
DPPS;SSE4_1;FM_OTHER_ARITH;A_NA;S_YES;T_FP;DATASZ_32b;DATASZ_128b;3;OPRN_IMMEDIATE_BYTE_ROLE_UNDEF;OPRN_MEMORY_MEM128b_READ;OPRN_REGISTER_XMM_READ_WRITE;;0;
EXTRACTPS;SSE4_1;FM_MERGE;A_NA;S_YES;T_FP;DATASZ_32b;DATASZ_32b;3;OPRN_IMMEDIATE_BYTE_ROLE_UNDEF;OPRN_REGISTER_XMM_READ;OPRN_MEMORY_MEM32b_WRITE;;0;
HADDPD;SSE3;FM_ADD;A_NA;S_YES;T_FP;DATASZ_64b;DATASZ_128b;2;OPRN_MEMORY_MEM128b_READ;OPRN_REGISTER_XMM_READ_WRITE;;;0;
HADDPS;SSE3;FM_ADD;A_NA;S_YES;T_FP;DATASZ_32b;DATASZ_128b;2;OPRN_MEMORY_MEM128b_READ;OPRN_REGISTER_XMM_READ_WRITE;;;0;
HSUBPD;SSE3;FM_SUB;A_NA;S_YES;T_FP;DATASZ_64b;DATASZ_128b;2;OPRN_MEMORY_MEM128b_READ;OPRN_REGISTER_XMM_READ_WRITE;;;0;
HSUBPS;SSE3;FM_SUB;A_NA;S_YES;T_FP;DATASZ_32b;DATASZ_128b;2;OPRN_MEMORY_MEM128b_READ;OPRN_REGISTER_XMM_READ_WRITE;;;0;
INSERTPS;SSE4_1;FM_MERGE;A_NA;S_YES;T_FP;DATASZ_32b;DATASZ_32b;3;OPRN_IMMEDIATE_BYTE_ROLE_UNDEF;OPRN_MEMORY_MEM32b_READ;OPRN_REGISTER_XMM_WRITE;;0;
LDDQU;SSE3;FM_LOAD;A_NA;S_YES;T_UINT;DATASZ_128b;DATASZ_128b;2;OPRN_MEMORY_MEM_READ;OPRN_REGISTER_XMM_WRITE;;;0;
LDMXCSR;SSE;FM_ENV;A_NA;S_NO;T_UNDEF;DATASZ_UNDEF;DATASZ_UNDEF;1;OPRN_MEMORY_MEM32b_READ;;;;0;
MAXPD;SSE2;FM_MAX;A_NA;S_YES;T_FP;DATASZ_64b;DATASZ_128b;2;OPRN_MEMORY_MEM128b_READ;OPRN_REGISTER_XMM_READ_WRITE;;;0;
MAXPS;SSE;FM_MAX;A_NA;S_YES;T_FP;DATASZ_32b;DATASZ_128b;2;OPRN_MEMORY_MEM128b_READ;OPRN_REGISTER_XMM_READ_WRITE;;;0;
MAXSD;SSE2;FM_MAX;A_NA;S_YES;T_FP;DATASZ_64b;DATASZ_64b;2;OPRN_MEMORY_MEM64b_READ;OPRN_REGISTER_XMM_READ_WRITE;;;0;
MAXSS;SSE;FM_MAX;A_NA;S_YES;T_FP;DATASZ_32b;DATASZ_32b;2;OPRN_MEMORY_MEM32b_READ;OPRN_REGISTER_XMM_READ_WRITE;;;0;
MINPD;SSE2;FM_MIN;A_NA;S_YES;T_FP;DATASZ_64b;DATASZ_128b;2;OPRN_MEMORY_MEM128b_READ;OPRN_REGISTER_XMM_READ_WRITE;;;0;
MINPS;SSE;FM_MIN;A_NA;S_YES;T_FP;DATASZ_32b;DATASZ_128b;2;OPRN_MEMORY_MEM128b_READ;OPRN_REGISTER_XMM_READ_WRITE;;;0;
MINSD;SSE2;FM_MIN;A_NA;S_YES;T_FP;DATASZ_64b;DATASZ_64b;2;OPRN_MEMORY_MEM64b_READ;OPRN_REGISTER_XMM_READ_WRITE;;;0;
MINSS;SSE;FM_MIN;A_NA;S_YES;T_FP;DATASZ_32b;DATASZ_32b;2;OPRN_MEMORY_MEM32b_READ;OPRN_REGISTER_XMM_READ_WRITE;;;0;
MOVAPD;SSE2;FM_MOV;A_NA;S_YES;T_FP;DATASZ_64b;DATASZ_128b;2;OPRN_MEMORY_MEM128b_READ;OPRN_REGISTER_XMM_WRITE;;;0;
MOVAPD;SSE2;FM_MOV;A_NA;S_YES;T_FP;DATASZ_64b;DATASZ_128b;2;OPRN_REGISTER_XMM_READ;OPRN_MEMORY_MEM128b_WRITE;;;0;
MOVAPS;SSE;FM_MOV;A_NA;S_YES;T_FP;DATASZ_32b;DATASZ_128b;2;OPRN_MEMORY_MEM128b_READ;OPRN_REGISTER_XMM_WRITE;;;0;
MOVAPS;SSE;FM_MOV;A_NA;S_YES;T_FP;DATASZ_32b;DATASZ_128b;2;OPRN_REGISTER_XMM_READ;OPRN_MEMORY_MEM128b_WRITE;;;0;
MOVDDUP;SSE3;FM_MOV;A_NA;S_YES;T_FP;DATASZ_64b;DATASZ_64b;2;OPRN_MEMORY_MEM64b_READ;OPRN_REGISTER_XMM_WRITE;;;0;
MOVDQA;SSE2;FM_MOV;A_NA;S_YES;T_INT;DATASZ_128b;DATASZ_128b;2;OPRN_MEMORY_MEM128b_READ;OPRN_REGISTER_XMM_WRITE;;;0;
MOVDQA;SSE2;FM_MOV;A_NA;S_YES;T_INT;DATASZ_128b;DATASZ_128b;2;OPRN_REGISTER_XMM_READ;OPRN_MEMORY_MEM128b_WRITE;;;0;
MOVDQU;SSE2;FM_MOV;A_NA;S_YES;T_INT;DATASZ_128b;DATASZ_128b;2;OPRN_MEMORY_MEM128b_READ;OPRN_REGISTER_XMM_WRITE;;;0;
MOVDQU;SSE2;FM_MOV;A_NA;S_YES;T_INT;DATASZ_128b;DATASZ_128b;2;OPRN_REGISTER_XMM_READ;OPRN_MEMORY_MEM128b_WRITE;;;0;
MOVD;SSE2;FM_MOV;A_NA;S_YES;T_UNDEF;DATASZ_32b;DATASZ_32b;2;OPRN_MEMORY_MEM32b_READ;OPRN_REGISTER_XMM_WRITE;;;0;
MOVD;SSE2;FM_MOV;A_NA;S_YES;T_UNDEF;DATASZ_32b;DATASZ_32b;2;OPRN_REGISTER_XMM_READ;OPRN_MEMORY_MEM32b_WRITE;;;0;
MOVHPD;SSE2;FM_MOV;A_NA;S_YES;T_FP;DATASZ_64b;DATASZ_64b;2;OPRN_MEMORY_MEM64b_READ;OPRN_REGISTER_XMM_READ_WRITE;;;0;
MOVHPD;SSE2;FM_MOV;A_NA;S_YES;T_FP;DATASZ_64b;DATASZ_64b;2;OPRN_REGISTER_XMM_READ;OPRN_MEMORY_MEM64b_WRITE;;;0;
MOVHPS;SSE;FM_MOV;A_NA;S_YES;T_FP;DATASZ_32b;DATASZ_64b;2;OPRN_MEMORY_MEM64b_READ;OPRN_REGISTER_XMM_READ_WRITE;;;0;
MOVHPS;SSE;FM_MOV;A_NA;S_YES;T_FP;DATASZ_32b;DATASZ_64b;2;OPRN_REGISTER_XMM_READ;OPRN_MEMORY_MEM64b_WRITE;;;0;
MOVLPD;SSE2;FM_MOV;A_NA;S_YES;T_FP;DATASZ_64b;DATASZ_64b;2;OPRN_MEMORY_MEM64b_READ;OPRN_REGISTER_XMM_READ_WRITE;;;0;
MOVLPD;SSE2;FM_MOV;A_NA;S_YES;T_FP;DATASZ_64b;DATASZ_64b;2;OPRN_REGISTER_XMM_READ;OPRN_MEMORY_MEM64b_WRITE;;;0;
MOVLPS;SSE;FM_MOV;A_NA;S_YES;T_FP;DATASZ_32b;DATASZ_64b;2;OPRN_MEMORY_MEM64b_READ;OPRN_REGISTER_XMM_READ_WRITE;;;0;
MOVLPS;SSE;FM_MOV;A_NA;S_YES;T_FP;DATASZ_32b;DATASZ_64b;2;OPRN_REGISTER_XMM_READ;OPRN_MEMORY_MEM64b_WRITE;;;0;
MOVNTDQA;SSE4_1;FM_MOV;A_NA;S_YES;T_UNDEF;DATASZ_128b;DATASZ_128b;2;OPRN_MEMORY_MEM128b_READ;OPRN_REGISTER_XMM_WRITE;;;0;
MOVNTDQ;SSE2;FM_MOV;A_NA;S_YES;T_UNDEF;DATASZ_128b;DATASZ_128b;2;OPRN_REGISTER_XMM_READ;OPRN_MEMORY_MEM128b_WRITE;;;0;
MOVNTPD;SSE2;FM_MOV;A_NA;S_YES;T_FP;DATASZ_64b;DATASZ_128b;2;OPRN_REGISTER_XMM_READ;OPRN_MEMORY_MEM128b_WRITE;;;0;
MOVNTPS;SSE;FM_MOV;A_NA;S_YES;T_FP;DATASZ_32b;DATASZ_128b;2;OPRN_REGISTER_XMM_READ;OPRN_MEMORY_MEM128b_WRITE;;;0;
MOVQ;SSE2;FM_MOV;A_NA;S_YES;T_UNDEF;DATASZ_64b;DATASZ_64b;2;OPRN_MEMORY_MEM64b_READ;OPRN_REGISTER_XMM_WRITE;;;0;
MOVQ;SSE2;FM_MOV;A_NA;S_YES;T_UNDEF;DATASZ_64b;DATASZ_64b;2;OPRN_REGISTER_XMM_READ;OPRN_MEMORY_MEM64b_WRITE;;;0;
MOVSD;SSE2;FM_MOV;A_NA;S_YES;T_FP;DATASZ_64b;DATASZ_64b;2;OPRN_MEMORY_MEM64b_READ;OPRN_REGISTER_XMM_WRITE;;;0;
MOVSD;SSE2;FM_MOV;A_NA;S_YES;T_FP;DATASZ_64b;DATASZ_64b;2;OPRN_REGISTER_XMM_READ;OPRN_MEMORY_MEM64b_WRITE;;;0;
MOVSHDUP;SSE3;FM_MOV;A_NA;S_YES;T_FP;DATASZ_32b;DATASZ_64b;2;OPRN_MEMORY_MEM128b_READ;OPRN_REGISTER_XMM_WRITE;;;0;
MOVSLDUP;SSE3;FM_MOV;A_NA;S_YES;T_FP;DATASZ_32b;DATASZ_64b;2;OPRN_MEMORY_MEM128b_READ;OPRN_REGISTER_XMM_WRITE;;;0;
MOVSS;SSE;FM_MOV;A_NA;S_YES;T_FP;DATASZ_32b;DATASZ_32b;2;OPRN_MEMORY_MEM32b_READ;OPRN_REGISTER_XMM_WRITE;;;0;
MOVSS;SSE;FM_MOV;A_NA;S_YES;T_FP;DATASZ_32b;DATASZ_32b;2;OPRN_REGISTER_XMM_READ;OPRN_MEMORY_MEM32b_WRITE;;;0;
MOVUPD;SSE2;FM_MOV;A_NA;S_YES;T_FP;DATASZ_64b;DATASZ_128b;2;OPRN_MEMORY_MEM128b_READ;OPRN_REGISTER_XMM_WRITE;;;0;
MOVUPD;SSE2;FM_MOV;A_NA;S_YES;T_FP;DATASZ_64b;DATASZ_128b;2;OPRN_REGISTER_XMM_READ;OPRN_MEMORY_MEM128b_WRITE;;;0;
MOVUPS;SSE;FM_MOV;A_NA;S_YES;T_FP;DATASZ_32b;DATASZ_128b;2;OPRN_MEMORY_MEM128b_READ;OPRN_REGISTER_XMM_WRITE;;;0;
MOVUPS;SSE;FM_MOV;A_NA;S_YES;T_FP;DATASZ_32b;DATASZ_128b;2;OPRN_REGISTER_XMM_READ;OPRN_MEMORY_MEM128b_WRITE;;;0;
MPSADBW;SSE4_1;FM_DSP;A_NA;S_YES;T_UINT;DATASZ_8b;DATASZ_128b;3;OPRN_IMMEDIATE_BYTE_ROLE_UNDEF;OPRN_MEMORY_MEM128b_READ;OPRN_REGISTER_XMM_READ_WRITE;;0;
MULPD;SSE2;FM_MUL;A_NA;S_YES;T_FP;DATASZ_64b;DATASZ_128b;2;OPRN_MEMORY_MEM128b_READ;OPRN_REGISTER_XMM_READ_WRITE;;;0;
MULPS;SSE;FM_MUL;A_NA;S_YES;T_FP;DATASZ_32b;DATASZ_128b;2;OPRN_MEMORY_MEM128b_READ;OPRN_REGISTER_XMM_READ_WRITE;;;0;
MULSD;SSE2;FM_MUL;A_NA;S_YES;T_FP;DATASZ_64b;DATASZ_64b;2;OPRN_MEMORY_MEM64b_READ;OPRN_REGISTER_XMM_READ_WRITE;;;0;
MULSS;SSE;FM_MUL;A_NA;S_YES;T_FP;DATASZ_32b;DATASZ_32b;2;OPRN_MEMORY_MEM32b_READ;OPRN_REGISTER_XMM_READ_WRITE;;;0;
ORPD;SSE2;FM_OR;A_NA;S_YES;T_FP;DATASZ_64b;DATASZ_128b;2;OPRN_MEMORY_MEM128b_READ;OPRN_REGISTER_XMM_READ_WRITE;;;0;
ORPS;SSE;FM_OR;A_NA;S_YES;T_FP;DATASZ_32b;DATASZ_128b;2;OPRN_MEMORY_MEM128b_READ;OPRN_REGISTER_XMM_READ_WRITE;;;0;
PABSB;SSSE3;FM_ABS;A_NA;S_YES;T_INT;DATASZ_8b;DATASZ_128b;2;OPRN_MEMORY_MEM128b_READ;OPRN_REGISTER_XMM_WRITE;;;0;
PABSB;SSSE3;FM_ABS;A_NA;S_YES;T_INT;DATASZ_8b;DATASZ_64b;2;OPRN_MEMORY_MEM64b_READ;OPRN_REGISTER_MMX_WRITE;;;0;
PABSD;SSSE3;FM_ABS;A_NA;S_YES;T_INT;DATASZ_32b;DATASZ_128b;2;OPRN_MEMORY_MEM128b_READ;OPRN_REGISTER_XMM_WRITE;;;0;
PABSD;SSSE3;FM_ABS;A_NA;S_YES;T_INT;DATASZ_32b;DATASZ_64b;2;OPRN_MEMORY_MEM64b_READ;OPRN_REGISTER_MMX_WRITE;;;0;
PABSW;SSSE3;FM_ABS;A_NA;S_YES;T_INT;DATASZ_16b;DATASZ_128b;2;OPRN_MEMORY_MEM128b_READ;OPRN_REGISTER_XMM_WRITE;;;0;
PABSW;SSSE3;FM_ABS;A_NA;S_YES;T_INT;DATASZ_16b;DATASZ_64b;2;OPRN_MEMORY_MEM64b_READ;OPRN_REGISTER_MMX_WRITE;;;0;
PACKSSDW;SSE2;FM_CVT;A_NA;S_YES;T_SINT;DATASZ_32b;DATASZ_128b;2;OPRN_MEMORY_MEM128b_READ;OPRN_REGISTER_XMM_READ_WRITE;;;0;
PACKSSWB;SSE2;FM_CVT;A_NA;S_YES;T_SINT;DATASZ_16b;DATASZ_128b;2;OPRN_MEMORY_MEM128b_READ;OPRN_REGISTER_XMM_READ_WRITE;;;0;
PACKUSDW;SSE4_1;FM_CVT;A_NA;S_YES;T_UINT;DATASZ_32b;DATASZ_128b;2;OPRN_MEMORY_MEM128b_READ;OPRN_REGISTER_XMM_READ_WRITE;;;0;
PACKUSWB;SSE2;FM_CVT;A_NA;S_YES;T_UINT;DATASZ_16b;DATASZ_128b;2;OPRN_MEMORY_MEM128b_READ;OPRN_REGISTER_XMM_READ_WRITE;;;0;
PADDB;SSE2;FM_ADD;A_NA;S_YES;T_INT;DATASZ_8b;DATASZ_128b;2;OPRN_MEMORY_MEM128b_READ;OPRN_REGISTER_XMM_READ_WRITE;;;0;
PADDD;SSE2;FM_ADD;A_NA;S_YES;T_INT;DATASZ_32b;DATASZ_128b;2;OPRN_MEMORY_MEM128b_READ;OPRN_REGISTER_XMM_READ_WRITE;;;0;
PADDQ;SSE2;FM_ADD;A_NA;S_YES;T_INT;DATASZ_64b;DATASZ_128b;2;OPRN_MEMORY_MEM128b_READ;OPRN_REGISTER_XMM_READ_WRITE;;;0;
PADDQ;SSE2;FM_ADD;A_NA;S_YES;T_INT;DATASZ_64b;DATASZ_64b;2;OPRN_MEMORY_MEM64b_READ;OPRN_REGISTER_MMX_READ_WRITE;;;0;
PADDSB;SSE2;FM_ADD;A_NA;S_YES;T_SINT;DATASZ_8b;DATASZ_128b;2;OPRN_MEMORY_MEM128b_READ;OPRN_REGISTER_XMM_READ_WRITE;;;0;
PADDSW;SSE2;FM_ADD;A_NA;S_YES;T_SINT;DATASZ_16b;DATASZ_128b;2;OPRN_MEMORY_MEM128b_READ;OPRN_REGISTER_XMM_READ_WRITE;;;0;
PADDUSB;SSE2;FM_ADD;A_NA;S_YES;T_UINT;DATASZ_8b;DATASZ_128b;2;OPRN_MEMORY_MEM128b_READ;OPRN_REGISTER_XMM_READ_WRITE;;;0;
PADDUSW;SSE2;FM_ADD;A_NA;S_YES;T_UINT;DATASZ_16b;DATASZ_128b;2;OPRN_MEMORY_MEM128b_READ;OPRN_REGISTER_XMM_READ_WRITE;;;0;
PADDW;SSE2;FM_ADD;A_NA;S_YES;T_INT;DATASZ_16b;DATASZ_128b;2;OPRN_MEMORY_MEM128b_READ;OPRN_REGISTER_XMM_READ_WRITE;;;0;
PALIGNR;SSSE3;FM_MERGE;A_NA;S_YES;T_UNDEF;DATASZ_UNDEF;DATASZ_32b;3;OPRN_IMMEDIATE_BYTE_ROLE_UNDEF;OPRN_MEMORY_MEM64b_READ;OPRN_REGISTER_MMX_READ_WRITE;;0;
PALIGNR;SSSE3;FM_MERGE;A_NA;S_YES;T_UNDEF;DATASZ_UNDEF;DATASZ_64b;3;OPRN_IMMEDIATE_BYTE_ROLE_UNDEF;OPRN_MEMORY_MEM128b_READ;OPRN_REGISTER_XMM_READ_WRITE;;0;
PANDN;SSE2;FM_AND;A_NA;S_YES;T_BIT;DATASZ_128b;DATASZ_128b;2;OPRN_MEMORY_MEM128b_READ;OPRN_REGISTER_XMM_READ_WRITE;;;0;
PAND;SSE2;FM_AND;A_NA;S_YES;T_BIT;DATASZ_128b;DATASZ_128b;2;OPRN_MEMORY_MEM128b_READ;OPRN_REGISTER_XMM_READ_WRITE;;;0;
PAVGB;SSE2;FM_AVG;A_NA;S_YES;T_UINT;DATASZ_8b;DATASZ_128b;2;OPRN_MEMORY_MEM128b_READ;OPRN_REGISTER_XMM_READ_WRITE;;;0;
PAVGB;SSE;FM_AVG;A_NA;S_YES;T_UINT;DATASZ_8b;DATASZ_64b;2;OPRN_MEMORY_MEM64b_READ;OPRN_REGISTER_MMX_READ_WRITE;;;0;
PAVGW;SSE2;FM_AVG;A_NA;S_YES;T_UINT;DATASZ_16b;DATASZ_128b;2;OPRN_MEMORY_MEM128b_READ;OPRN_REGISTER_XMM_READ_WRITE;;;0;
PAVGW;SSE;FM_AVG;A_NA;S_YES;T_UINT;DATASZ_16b;DATASZ_64b;2;OPRN_MEMORY_MEM64b_READ;OPRN_REGISTER_MMX_READ_WRITE;;;0;
PBLENDVB;SSE4_1;FM_MERGE;A_NA;S_YES;T_UNDEF;DATASZ_8b;DATASZ_128b;3;OPRN_REGISTER_XMM_READ;OPRN_MEMORY_MEM128b_READ;OPRN_REGISTER_XMM_READ_WRITE;;0;
PBLENDW;SSE4_1;FM_MERGE;A_NA;S_YES;T_UNDEF;DATASZ_16b;DATASZ_128b;3;OPRN_IMMEDIATE_BYTE_ROLE_UNDEF;OPRN_MEMORY_MEM128b_READ;OPRN_REGISTER_XMM_READ_WRITE;;0;
PCMPEQB;SSE2;FM_CMP;A_NA;S_YES;T_UNDEF;DATASZ_8b;DATASZ_128b;2;OPRN_MEMORY_MEM128b_READ;OPRN_REGISTER_XMM_READ_WRITE;;;0;
PCMPEQD;SSE2;FM_CMP;A_NA;S_YES;T_UNDEF;DATASZ_32b;DATASZ_128b;2;OPRN_MEMORY_MEM128b_READ;OPRN_REGISTER_XMM_READ_WRITE;;;0;
PCMPEQQ;SSE4_1;FM_CMP;A_NA;S_YES;T_UNDEF;DATASZ_64b;DATASZ_128b;2;OPRN_MEMORY_MEM128b_READ;OPRN_REGISTER_XMM_READ_WRITE;;;0;
PCMPEQW;SSE2;FM_CMP;A_NA;S_YES;T_UNDEF;DATASZ_16b;DATASZ_128b;2;OPRN_MEMORY_MEM128b_READ;OPRN_REGISTER_XMM_READ_WRITE;;;0;
PCMPESTRI;SSE4_2;FM_CMP;A_NA;S_YES;T_STR;DATASZ_UNDEF;DATASZ_128b;3;OPRN_IMMEDIATE_BYTE_ROLE_UNDEF;OPRN_MEMORY_MEM128b_READ;OPRN_REGISTER_XMM_READ;;0;
PCMPESTRM;SSE4_2;FM_CMP;A_NA;S_YES;T_STR;DATASZ_UNDEF;DATASZ_128b;3;OPRN_IMMEDIATE_BYTE_ROLE_UNDEF;OPRN_MEMORY_MEM128b_READ;OPRN_REGISTER_XMM_READ;;0;
PCMPGTB;SSE2;FM_CMP;A_NA;S_YES;T_SINT;DATASZ_8b;DATASZ_128b;2;OPRN_MEMORY_MEM128b_READ;OPRN_REGISTER_XMM_READ_WRITE;;;0;
PCMPGTD;SSE2;FM_CMP;A_NA;S_YES;T_SINT;DATASZ_32b;DATASZ_128b;2;OPRN_MEMORY_MEM128b_READ;OPRN_REGISTER_XMM_READ_WRITE;;;0;
PCMPGTQ;SSE4_2;FM_CMP;A_NA;S_YES;T_SINT;DATASZ_64b;DATASZ_128b;2;OPRN_MEMORY_MEM128b_READ;OPRN_REGISTER_XMM_READ_WRITE;;;0;
PCMPGTW;SSE2;FM_CMP;A_NA;S_YES;T_SINT;DATASZ_16b;DATASZ_128b;2;OPRN_MEMORY_MEM128b_READ;OPRN_REGISTER_XMM_READ_WRITE;;;0;
PCMPISTRI;SSE4_2;FM_CMP;A_NA;S_YES;T_STR;DATASZ_UNDEF;DATASZ_128b;3;OPRN_IMMEDIATE_BYTE_ROLE_UNDEF;OPRN_MEMORY_MEM128b_READ;OPRN_REGISTER_XMM_READ;;0;
PCMPISTRM;SSE4_2;FM_CMP;A_NA;S_YES;T_STR;DATASZ_UNDEF;DATASZ_128b;3;OPRN_IMMEDIATE_BYTE_ROLE_UNDEF;OPRN_MEMORY_MEM128b_READ;OPRN_REGISTER_XMM_READ;;0;
PEXTRB;SSE4_1;FM_MERGE;A_NA;S_YES;T_INT;DATASZ_8b;DATASZ_8b;3;OPRN_IMMEDIATE_BYTE_ROLE_UNDEF;OPRN_REGISTER_XMM_READ;OPRN_MEMORY_MEM8b_WRITE;;0;
PEXTRD;SSE4_1;FM_MERGE;A_NA;S_YES;T_INT;DATASZ_32b;DATASZ_32b;3;OPRN_IMMEDIATE_BYTE_ROLE_UNDEF;OPRN_REGISTER_XMM_READ;OPRN_MEMORY_MEM32b_WRITE;;0;
PEXTRQ;SSE4_1;FM_MERGE;A_NA;S_YES;T_INT;DATASZ_64b;DATASZ_64b;3;OPRN_IMMEDIATE_BYTE_ROLE_UNDEF;OPRN_REGISTER_XMM_READ;OPRN_MEMORY_MEM64b_WRITE;;0;
PEXTRW;SSE4_1;FM_MERGE;A_NA;S_YES;T_INT;DATASZ_16b;DATASZ_16b;3;OPRN_IMMEDIATE_BYTE_ROLE_UNDEF;OPRN_REGISTER_XMM_READ;OPRN_MEMORY_MEM16b_WRITE;;0;
PHADDD;SSSE3;FM_ADD;A_NA;S_YES;T_SINT;DATASZ_32b;DATASZ_128b;2;OPRN_MEMORY_MEM128b_READ;OPRN_REGISTER_XMM_READ_WRITE;;;0;
PHADDD;SSSE3;FM_ADD;A_NA;S_YES;T_SINT;DATASZ_32b;DATASZ_64b;2;OPRN_MEMORY_MEM64b_READ;OPRN_REGISTER_MMX_READ_WRITE;;;0;
PHADDSW;SSSE3;FM_ADD;A_NA;S_YES;T_SINT;DATASZ_16b;DATASZ_128b;2;OPRN_MEMORY_MEM128b_READ;OPRN_REGISTER_XMM_READ_WRITE;;;0;
PHADDSW;SSSE3;FM_ADD;A_NA;S_YES;T_SINT;DATASZ_16b;DATASZ_64b;2;OPRN_MEMORY_MEM64b_READ;OPRN_REGISTER_MMX_READ_WRITE;;;0;
PHADDW;SSSE3;FM_ADD;A_NA;S_YES;T_SINT;DATASZ_16b;DATASZ_128b;2;OPRN_MEMORY_MEM128b_READ;OPRN_REGISTER_XMM_READ_WRITE;;;0;
PHADDW;SSSE3;FM_ADD;A_NA;S_YES;T_SINT;DATASZ_16b;DATASZ_64b;2;OPRN_MEMORY_MEM64b_READ;OPRN_REGISTER_MMX_READ_WRITE;;;0;
PHMINPOSUW;SSE4_1;FM_MIN;A_NA;S_YES;T_UINT;DATASZ_16b;DATASZ_128b;2;OPRN_MEMORY_MEM128b_READ;OPRN_REGISTER_XMM_WRITE;;;0;
PHSUBD;SSSE3;FM_SUB;A_NA;S_YES;T_SINT;DATASZ_32b;DATASZ_128b;2;OPRN_MEMORY_MEM128b_READ;OPRN_REGISTER_XMM_WRITE;;;0;
PHSUBD;SSSE3;FM_SUB;A_NA;S_YES;T_SINT;DATASZ_32b;DATASZ_64b;2;OPRN_MEMORY_MEM64b_READ;OPRN_REGISTER_MMX_WRITE;;;0;
PHSUBSW;SSSE3;FM_SUB;A_NA;S_YES;T_SINT;DATASZ_16b;DATASZ_128b;2;OPRN_MEMORY_MEM128b_READ;OPRN_REGISTER_XMM_WRITE;;;0;
PHSUBSW;SSSE3;FM_SUB;A_NA;S_YES;T_SINT;DATASZ_16b;DATASZ_64b;2;OPRN_MEMORY_MEM64b_READ;OPRN_REGISTER_MMX_WRITE;;;0;
PHSUBW;SSSE3;FM_SUB;A_NA;S_YES;T_SINT;DATASZ_16b;DATASZ_128b;2;OPRN_MEMORY_MEM128b_READ;OPRN_REGISTER_XMM_WRITE;;;0;
PHSUBW;SSSE3;FM_SUB;A_NA;S_YES;T_SINT;DATASZ_16b;DATASZ_64b;2;OPRN_MEMORY_MEM64b_READ;OPRN_REGISTER_MMX_WRITE;;;0;
PINSRB;SSE4_1;FM_MERGE;A_NA;S_YES;T_INT;DATASZ_8b;DATASZ_8b;3;OPRN_IMMEDIATE_BYTE_ROLE_UNDEF;OPRN_MEMORY_MEM8b_READ;OPRN_REGISTER_XMM_WRITE;;0;
PINSRD;SSE4_1;FM_MERGE;A_NA;S_YES;T_INT;DATASZ_32b;DATASZ_32b;3;OPRN_IMMEDIATE_BYTE_ROLE_UNDEF;OPRN_MEMORY_MEM32b_READ;OPRN_REGISTER_XMM_WRITE;;0;
PINSRQ;SSE4_1;FM_MERGE;A_NA;S_YES;T_INT;DATASZ_64b;DATASZ_64b;3;OPRN_IMMEDIATE_BYTE_ROLE_UNDEF;OPRN_MEMORY_MEM64b_READ;OPRN_REGISTER_XMM_WRITE;;0;
PINSRW;SSE2;FM_MERGE;A_NA;S_YES;T_INT;DATASZ_16b;DATASZ_16b;3;OPRN_IMMEDIATE_BYTE_ROLE_UNDEF;OPRN_MEMORY_MEM16b_READ;OPRN_REGISTER_XMM_WRITE;;0;
PINSRW;SSE;FM_MERGE;A_NA;S_YES;T_INT;DATASZ_16b;DATASZ_16b;3;OPRN_IMMEDIATE_BYTE_ROLE_UNDEF;OPRN_MEMORY_MEM16b_READ;OPRN_REGISTER_MMX_WRITE;;0;
PMADDUBSW;SSSE3;FM_OTHER_ARITH;A_NA;S_YES;T_UNDEF;DATASZ_8b;DATASZ_128b;2;OPRN_MEMORY_MEM128b_READ;OPRN_REGISTER_XMM_READ_WRITE;;;0;
PMADDWD;SSE;FM_OTHER_ARITH;A_NA;S_YES;T_SINT;DATASZ_16b;DATASZ_128b;2;OPRN_MEMORY_MEM128b_READ;OPRN_REGISTER_XMM_READ_WRITE;;;0;
PMAXSB;SSE4_1;FM_MAX;A_NA;S_YES;T_SINT;DATASZ_8b;DATASZ_128b;2;OPRN_MEMORY_MEM128b_READ;OPRN_REGISTER_XMM_READ_WRITE;;;0;
PMAXSD;SSE4_1;FM_MAX;A_NA;S_YES;T_SINT;DATASZ_32b;DATASZ_128b;2;OPRN_MEMORY_MEM128b_READ;OPRN_REGISTER_XMM_READ_WRITE;;;0;
PMAXSW;SSE2;FM_MAX;A_NA;S_YES;T_SINT;DATASZ_16b;DATASZ_128b;2;OPRN_MEMORY_MEM128b_READ;OPRN_REGISTER_XMM_READ_WRITE;;;0;
PMAXSW;SSE;FM_MAX;A_NA;S_YES;T_SINT;DATASZ_16b;DATASZ_64b;2;OPRN_MEMORY_MEM64b_READ;OPRN_REGISTER_MMX_READ_WRITE;;;0;
PMAXUB;SSE2;FM_MAX;A_NA;S_YES;T_UINT;DATASZ_8b;DATASZ_128b;2;OPRN_MEMORY_MEM128b_READ;OPRN_REGISTER_XMM_READ_WRITE;;;0;
PMAXUB;SSE;FM_MAX;A_NA;S_YES;T_UINT;DATASZ_8b;DATASZ_64b;2;OPRN_MEMORY_MEM64b_READ;OPRN_REGISTER_MMX_READ_WRITE;;;0;
PMAXUD;SSE4_1;FM_MAX;A_NA;S_YES;T_UINT;DATASZ_32b;DATASZ_128b;2;OPRN_MEMORY_MEM128b_READ;OPRN_REGISTER_XMM_READ_WRITE;;;0;
PMAXUW;SSE4_1;FM_MAX;A_NA;S_YES;T_UINT;DATASZ_16b;DATASZ_128b;2;OPRN_MEMORY_MEM128b_READ;OPRN_REGISTER_XMM_READ_WRITE;;;0;
PMINSB;SSE4_1;FM_MIN;A_NA;S_YES;T_SINT;DATASZ_8b;DATASZ_128b;2;OPRN_MEMORY_MEM128b_READ;OPRN_REGISTER_XMM_READ_WRITE;;;0;
PMINSD;SSE4_1;FM_MIN;A_NA;S_YES;T_SINT;DATASZ_32b;DATASZ_128b;2;OPRN_MEMORY_MEM128b_READ;OPRN_REGISTER_XMM_READ_WRITE;;;0;
PMINSW;SSE2;FM_MIN;A_NA;S_YES;T_SINT;DATASZ_16b;DATASZ_128b;2;OPRN_MEMORY_MEM128b_READ;OPRN_REGISTER_XMM_READ_WRITE;;;0;
PMINSW;SSE;FM_MIN;A_NA;S_YES;T_SINT;DATASZ_16b;DATASZ_64b;2;OPRN_MEMORY_MEM64b_READ;OPRN_REGISTER_MMX_READ_WRITE;;;0;
PMINUB;SSE2;FM_MIN;A_NA;S_YES;T_UINT;DATASZ_8b;DATASZ_128b;2;OPRN_MEMORY_MEM128b_READ;OPRN_REGISTER_XMM_READ_WRITE;;;0;
PMINUB;SSE;FM_MIN;A_NA;S_YES;T_UINT;DATASZ_8b;DATASZ_64b;2;OPRN_MEMORY_MEM64b_READ;OPRN_REGISTER_MMX_READ_WRITE;;;0;
PMINUD;SSE4_1;FM_MIN;A_NA;S_YES;T_UINT;DATASZ_32b;DATASZ_128b;2;OPRN_MEMORY_MEM128b_READ;OPRN_REGISTER_XMM_READ_WRITE;;;0;
PMINUW;SSE4_1;FM_MIN;A_NA;S_YES;T_UINT;DATASZ_16b;DATASZ_128b;2;OPRN_MEMORY_MEM128b_READ;OPRN_REGISTER_XMM_READ_WRITE;;;0;
PMOVSXBD;SSE4_1;FM_MOV;A_NA;S_YES;T_SINT;DATASZ_8b;DATASZ_32b;2;OPRN_MEMORY_MEM32b_READ;OPRN_REGISTER_XMM_WRITE;;;0;
PMOVSXBQ;SSE4_1;FM_MOV;A_NA;S_YES;T_SINT;DATASZ_8b;DATASZ_16b;2;OPRN_MEMORY_MEM16b_READ;OPRN_REGISTER_XMM_WRITE;;;0;
PMOVSXBW;SSE4_1;FM_MOV;A_NA;S_YES;T_SINT;DATASZ_8b;DATASZ_64b;2;OPRN_MEMORY_MEM64b_READ;OPRN_REGISTER_XMM_WRITE;;;0;
PMOVSXDQ;SSE4_1;FM_MOV;A_NA;S_YES;T_SINT;DATASZ_32b;DATASZ_64b;2;OPRN_MEMORY_MEM64b_READ;OPRN_REGISTER_XMM_WRITE;;;0;
PMOVSXWD;SSE4_1;FM_MOV;A_NA;S_YES;T_SINT;DATASZ_16b;DATASZ_64b;2;OPRN_MEMORY_MEM64b_READ;OPRN_REGISTER_XMM_WRITE;;;0;
PMOVSXWQ;SSE4_1;FM_MOV;A_NA;S_YES;T_SINT;DATASZ_16b;DATASZ_32b;2;OPRN_MEMORY_MEM32b_READ;OPRN_REGISTER_XMM_WRITE;;;0;
PMOVZXBD;SSE4_1;FM_MOV;A_NA;S_YES;T_INT;DATASZ_8b;DATASZ_32b;2;OPRN_MEMORY_MEM32b_READ;OPRN_REGISTER_XMM_WRITE;;;0;
PMOVZXBQ;SSE4_1;FM_MOV;A_NA;S_YES;T_INT;DATASZ_8b;DATASZ_16b;2;OPRN_MEMORY_MEM16b_READ;OPRN_REGISTER_XMM_WRITE;;;0;
PMOVZXBW;SSE4_1;FM_MOV;A_NA;S_YES;T_INT;DATASZ_8b;DATASZ_64b;2;OPRN_MEMORY_MEM64b_READ;OPRN_REGISTER_XMM_WRITE;;;0;
PMOVZXDQ;SSE4_1;FM_MOV;A_NA;S_YES;T_INT;DATASZ_32b;DATASZ_64b;2;OPRN_MEMORY_MEM64b_READ;OPRN_REGISTER_XMM_WRITE;;;0;
PMOVZXWD;SSE4_1;FM_MOV;A_NA;S_YES;T_INT;DATASZ_16b;DATASZ_64b;2;OPRN_MEMORY_MEM64b_READ;OPRN_REGISTER_XMM_WRITE;;;0;
PMOVZXWQ;SSE4_1;FM_MOV;A_NA;S_YES;T_INT;DATASZ_16b;DATASZ_32b;2;OPRN_MEMORY_MEM32b_READ;OPRN_REGISTER_XMM_WRITE;;;0;
PMULDQ;SSE4_1;FM_MUL;A_NA;S_YES;T_SINT;DATASZ_32b;DATASZ_128b;2;OPRN_MEMORY_MEM128b_READ;OPRN_REGISTER_XMM_READ_WRITE;;;0;
PMULHRSW;SSSE3;FM_MUL;A_NA;S_YES;T_SINT;DATASZ_16b;DATASZ_128b;2;OPRN_MEMORY_MEM128b_READ;OPRN_REGISTER_XMM_READ_WRITE;;;0;
PMULHRSW;SSSE3;FM_MUL;A_NA;S_YES;T_SINT;DATASZ_16b;DATASZ_64b;2;OPRN_MEMORY_MEM64b_READ;OPRN_REGISTER_MMX_READ_WRITE;;;0;
PMULHUW;SSE2;FM_MUL;A_NA;S_YES;T_UINT;DATASZ_16b;DATASZ_128b;2;OPRN_MEMORY_MEM128b_READ;OPRN_REGISTER_XMM_READ_WRITE;;;0;
PMULHUW;SSE;FM_MUL;A_NA;S_YES;T_UINT;DATASZ_16b;DATASZ_64b;2;OPRN_MEMORY_MEM64b_READ;OPRN_REGISTER_MMX_READ_WRITE;;;0;
PMULHW;SSE2;FM_MUL;A_NA;S_YES;T_SINT;DATASZ_16b;DATASZ_128b;2;OPRN_MEMORY_MEM128b_READ;OPRN_REGISTER_XMM_READ_WRITE;;;0;
PMULLD;SSE4_1;FM_MUL;A_NA;S_YES;T_SINT;DATASZ_32b;DATASZ_128b;2;OPRN_MEMORY_MEM128b_READ;OPRN_REGISTER_XMM_READ_WRITE;;;0;
PMULLW;SSE2;FM_MUL;A_NA;S_YES;T_SINT;DATASZ_16b;DATASZ_128b;2;OPRN_MEMORY_MEM128b_READ;OPRN_REGISTER_XMM_READ_WRITE;;;0;
PMULUDQ;SSE2;FM_MUL;A_NA;S_YES;T_UINT;DATASZ_32b;DATASZ_128b;2;OPRN_MEMORY_MEM128b_READ;OPRN_REGISTER_XMM_READ_WRITE;;;0;
PMULUDQ;SSE2;FM_MUL;A_NA;S_YES;T_UINT;DATASZ_32b;DATASZ_64b;2;OPRN_MEMORY_MEM64b_READ;OPRN_REGISTER_MMX_READ_WRITE;;;0;
POR;SSE2;FM_OR;A_NA;S_YES;T_BIT;DATASZ_128b;DATASZ_128b;2;OPRN_MEMORY_MEM128b_READ;OPRN_REGISTER_XMM_READ_WRITE;;;0;
PSADBW;SSE2;FM_DSP;A_NA;S_YES;T_UINT;DATASZ_8b;DATASZ_128b;2;OPRN_MEMORY_MEM128b_READ;OPRN_REGISTER_XMM_READ_WRITE;;;0;
PSADBW;SSE;FM_DSP;A_NA;S_YES;T_UINT;DATASZ_8b;DATASZ_64b;2;OPRN_MEMORY_MEM64b_READ;OPRN_REGISTER_MMX_READ_WRITE;;;0;
PSHUFB;SSSE3;FM_SHUFFLE;A_NA;S_YES;T_UNDEF;DATASZ_8b;DATASZ_128b;2;OPRN_MEMORY_MEM128b_READ;OPRN_REGISTER_XMM_READ_WRITE;;;0;
PSHUFB;SSSE3;FM_SHUFFLE;A_NA;S_YES;T_UNDEF;DATASZ_8b;DATASZ_64b;2;OPRN_MEMORY_MEM64b_READ;OPRN_REGISTER_MMX_READ_WRITE;;;0;
PSHUFD;SSE2;FM_SHUFFLE;A_NA;S_YES;T_UNDEF;DATASZ_32b;DATASZ_128b;3;OPRN_IMMEDIATE_BYTE_ROLE_UNDEF;OPRN_MEMORY_MEM128b_READ;OPRN_REGISTER_XMM_WRITE;;0;
PSHUFHW;SSE2;FM_SHUFFLE;A_NA;S_YES;T_UNDEF;DATASZ_16b;DATASZ_64b;3;OPRN_IMMEDIATE_BYTE_ROLE_UNDEF;OPRN_MEMORY_MEM128b_READ;OPRN_REGISTER_XMM_WRITE;;0;
PSHUFLW;SSE2;FM_SHUFFLE;A_NA;S_YES;T_UNDEF;DATASZ_16b;DATASZ_64b;3;OPRN_IMMEDIATE_BYTE_ROLE_UNDEF;OPRN_MEMORY_MEM128b_READ;OPRN_REGISTER_XMM_WRITE;;0;
PSIGNB;SSSE3;FM_NEG;A_NA;S_YES;T_INT;DATASZ_8b;DATASZ_128b;2;OPRN_MEMORY_MEM128b_READ;OPRN_REGISTER_XMM_READ_WRITE;;;0;
PSIGNB;SSSE3;FM_NEG;A_NA;S_YES;T_INT;DATASZ_8b;DATASZ_64b;2;OPRN_MEMORY_MEM64b_READ;OPRN_REGISTER_MMX_READ_WRITE;;;0;
PSIGND;SSSE3;FM_NEG;A_NA;S_YES;T_INT;DATASZ_32b;DATASZ_128b;2;OPRN_MEMORY_MEM128b_READ;OPRN_REGISTER_XMM_READ_WRITE;;;0;
PSIGND;SSSE3;FM_NEG;A_NA;S_YES;T_INT;DATASZ_32b;DATASZ_64b;2;OPRN_MEMORY_MEM64b_READ;OPRN_REGISTER_MMX_READ_WRITE;;;0;
PSIGNW;SSSE3;FM_NEG;A_NA;S_YES;T_INT;DATASZ_16b;DATASZ_128b;2;OPRN_MEMORY_MEM128b_READ;OPRN_REGISTER_XMM_READ_WRITE;;;0;
PSIGNW;SSSE3;FM_NEG;A_NA;S_YES;T_INT;DATASZ_16b;DATASZ_64b;2;OPRN_MEMORY_MEM64b_READ;OPRN_REGISTER_MMX_READ_WRITE;;;0;
PSLLD;SSE2;FM_SHIFT;A_NA;S_YES;T_UNDEF;DATASZ_32b;DATASZ_128b;2;OPRN_MEMORY_MEM128b_READ;OPRN_REGISTER_XMM_READ_WRITE;;;0;
PSLLQ;SSE2;FM_SHIFT;A_NA;S_YES;T_UNDEF;DATASZ_64b;DATASZ_128b;2;OPRN_MEMORY_MEM128b_READ;OPRN_REGISTER_XMM_READ_WRITE;;;0;
PSLLW;SSE2;FM_SHIFT;A_NA;S_YES;T_UNDEF;DATASZ_16b;DATASZ_128b;2;OPRN_MEMORY_MEM128b_READ;OPRN_REGISTER_XMM_READ_WRITE;;;0;
PSRAD;SSE2;FM_SHIFT;A_NA;S_YES;T_UNDEF;DATASZ_32b;DATASZ_128b;2;OPRN_MEMORY_MEM128b_READ;OPRN_REGISTER_XMM_READ_WRITE;;;0;
PSRAW;SSE2;FM_SHIFT;A_NA;S_YES;T_UNDEF;DATASZ_16b;DATASZ_128b;2;OPRN_MEMORY_MEM128b_READ;OPRN_REGISTER_XMM_READ_WRITE;;;0;
PSRLD;SSE2;FM_SHIFT;A_NA;S_YES;T_UNDEF;DATASZ_32b;DATASZ_128b;2;OPRN_MEMORY_MEM128b_READ;OPRN_REGISTER_XMM_READ_WRITE;;;0;
PSRLQ;SSE2;FM_SHIFT;A_NA;S_YES;T_UNDEF;DATASZ_64b;DATASZ_128b;2;OPRN_MEMORY_MEM128b_READ;OPRN_REGISTER_XMM_READ_WRITE;;;0;
PSRLW;SSE2;FM_SHIFT;A_NA;S_YES;T_UNDEF;DATASZ_16b;DATASZ_128b;2;OPRN_MEMORY_MEM128b_READ;OPRN_REGISTER_XMM_READ_WRITE;;;0;
PSUBB;SSE2;FM_SUB;A_NA;S_YES;T_INT;DATASZ_8b;DATASZ_128b;2;OPRN_MEMORY_MEM128b_READ;OPRN_REGISTER_XMM_READ_WRITE;;;0;
PSUBD;SSE2;FM_SUB;A_NA;S_YES;T_INT;DATASZ_32b;DATASZ_128b;2;OPRN_MEMORY_MEM128b_READ;OPRN_REGISTER_XMM_READ_WRITE;;;0;
PSUBQ;SSE2;FM_SUB;A_NA;S_YES;T_INT;DATASZ_64b;DATASZ_128b;2;OPRN_MEMORY_MEM128b_READ;OPRN_REGISTER_XMM_READ_WRITE;;;0;
PSUBQ;SSE2;FM_SUB;A_NA;S_YES;T_INT;DATASZ_64b;DATASZ_64b;2;OPRN_MEMORY_MEM64b_READ;OPRN_REGISTER_MMX_READ_WRITE;;;0;
PSUBSB;SSE2;FM_SUB;A_NA;S_YES;T_SINT;DATASZ_8b;DATASZ_128b;2;OPRN_MEMORY_MEM128b_READ;OPRN_REGISTER_XMM_READ_WRITE;;;0;
PSUBSW;SSE2;FM_SUB;A_NA;S_YES;T_SINT;DATASZ_16b;DATASZ_128b;2;OPRN_MEMORY_MEM128b_READ;OPRN_REGISTER_XMM_READ_WRITE;;;0;
PSUBUSB;SSE2;FM_SUB;A_NA;S_YES;T_UINT;DATASZ_8b;DATASZ_128b;2;OPRN_MEMORY_MEM128b_READ;OPRN_REGISTER_XMM_READ_WRITE;;;0;
PSUBUSW;SSE2;FM_SUB;A_NA;S_YES;T_UINT;DATASZ_16b;DATASZ_128b;2;OPRN_MEMORY_MEM128b_READ;OPRN_REGISTER_XMM_READ_WRITE;;;0;
PSUBW;SSE2;FM_SUB;A_NA;S_YES;T_INT;DATASZ_16b;DATASZ_128b;2;OPRN_MEMORY_MEM128b_READ;OPRN_REGISTER_XMM_READ_WRITE;;;0;
PTEST;SSE4_1;FM_CMP;A_NA;S_YES;T_UNDEF;DATASZ_128b;DATASZ_128b;2;OPRN_MEMORY_MEM128b_READ;OPRN_REGISTER_XMM_READ;;;0;
PUNPCKHBW;SSE2;FM_MERGE;A_NA;S_YES;T_UNDEF;DATASZ_8b;DATASZ_64b;2;OPRN_MEMORY_MEM128b_READ;OPRN_REGISTER_XMM_READ_WRITE;;;0;
PUNPCKHDQ;SSE2;FM_MERGE;A_NA;S_YES;T_UNDEF;DATASZ_32b;DATASZ_64b;2;OPRN_MEMORY_MEM128b_READ;OPRN_REGISTER_XMM_READ_WRITE;;;0;
PUNPCKHQDQ;SSE2;FM_MERGE;A_NA;S_YES;T_UNDEF;DATASZ_64b;DATASZ_64b;2;OPRN_MEMORY_MEM128b_READ;OPRN_REGISTER_XMM_READ_WRITE;;;0;
PUNPCKHWD;SSE2;FM_MERGE;A_NA;S_YES;T_UNDEF;DATASZ_16b;DATASZ_64b;2;OPRN_MEMORY_MEM128b_READ;OPRN_REGISTER_XMM_READ_WRITE;;;0;
PUNPCKLBW;SSE2;FM_MERGE;A_NA;S_YES;T_UNDEF;DATASZ_8b;DATASZ_64b;2;OPRN_MEMORY_MEM128b_READ;OPRN_REGISTER_XMM_READ_WRITE;;;0;
PUNPCKLDQ;SSE2;FM_MERGE;A_NA;S_YES;T_UNDEF;DATASZ_32b;DATASZ_64b;2;OPRN_MEMORY_MEM128b_READ;OPRN_REGISTER_XMM_READ_WRITE;;;0;
PUNPCKLQDQ;SSE2;FM_MERGE;A_NA;S_YES;T_UNDEF;DATASZ_64b;DATASZ_64b;2;OPRN_MEMORY_MEM128b_READ;OPRN_REGISTER_XMM_READ_WRITE;;;0;
PUNPCKLWD;SSE2;FM_MERGE;A_NA;S_YES;T_UNDEF;DATASZ_16b;DATASZ_64b;2;OPRN_MEMORY_MEM128b_READ;OPRN_REGISTER_XMM_READ_WRITE;;;0;
PXOR;SSE2;FM_XOR;A_NA;S_YES;T_BIT;DATASZ_128b;DATASZ_128b;2;OPRN_MEMORY_MEM128b_READ;OPRN_REGISTER_XMM_READ_WRITE;;;0;
RCPPS;SSE;FM_RCP;A_NA;S_YES;T_FP;DATASZ_32b;DATASZ_128b;2;OPRN_MEMORY_MEM128b_READ;OPRN_REGISTER_XMM_WRITE;;;0;
RCPSS;SSE;FM_RCP;A_NA;S_YES;T_FP;DATASZ_32b;DATASZ_32b;2;OPRN_MEMORY_MEM32b_READ;OPRN_REGISTER_XMM_WRITE;;;0;
ROUNDPD;SSE4_1;FM_RND;A_NA;S_YES;T_FP;DATASZ_64b;DATASZ_128b;3;OPRN_IMMEDIATE_BYTE_ROLE_UNDEF;OPRN_MEMORY_MEM128b_READ;OPRN_REGISTER_XMM_WRITE;;0;
ROUNDPS;SSE4_1;FM_RND;A_NA;S_YES;T_FP;DATASZ_32b;DATASZ_128b;3;OPRN_IMMEDIATE_BYTE_ROLE_UNDEF;OPRN_MEMORY_MEM128b_READ;OPRN_REGISTER_XMM_WRITE;;0;
ROUNDSD;SSE4_1;FM_RND;A_NA;S_YES;T_FP;DATASZ_64b;DATASZ_64b;3;OPRN_IMMEDIATE_BYTE_ROLE_UNDEF;OPRN_MEMORY_MEM64b_READ;OPRN_REGISTER_XMM_WRITE;;0;
ROUNDSS;SSE4_1;FM_RND;A_NA;S_YES;T_FP;DATASZ_32b;DATASZ_32b;3;OPRN_IMMEDIATE_BYTE_ROLE_UNDEF;OPRN_MEMORY_MEM32b_READ;OPRN_REGISTER_XMM_WRITE;;0;
RSQRTPS;SSE;FM_RSQRT;A_NA;S_YES;T_FP;DATASZ_32b;DATASZ_128b;2;OPRN_MEMORY_MEM128b_READ;OPRN_REGISTER_XMM_WRITE;;;0;
RSQRTSS;SSE;FM_RSQRT;A_NA;S_YES;T_FP;DATASZ_32b;DATASZ_32b;2;OPRN_MEMORY_MEM32b_READ;OPRN_REGISTER_XMM_WRITE;;;0;
SHUFPD;SSE2;FM_SHUFFLE;A_NA;S_YES;T_FP;DATASZ_64b;DATASZ_128b;3;OPRN_IMMEDIATE_BYTE_ROLE_UNDEF;OPRN_MEMORY_MEM128b_READ;OPRN_REGISTER_XMM_READ_WRITE;;0;
SHUFPS;SSE;FM_SHUFFLE;A_NA;S_YES;T_FP;DATASZ_32b;DATASZ_128b;3;OPRN_IMMEDIATE_BYTE_ROLE_UNDEF;OPRN_MEMORY_MEM128b_READ;OPRN_REGISTER_XMM_READ_WRITE;;0;
SQRTPD;SSE2;FM_SQRT;A_NA;S_YES;T_FP;DATASZ_64b;DATASZ_128b;2;OPRN_MEMORY_MEM128b_READ;OPRN_REGISTER_XMM_WRITE;;;0;
SQRTPS;SSE;FM_SQRT;A_NA;S_YES;T_FP;DATASZ_32b;DATASZ_128b;2;OPRN_MEMORY_MEM128b_READ;OPRN_REGISTER_XMM_WRITE;;;0;
SQRTSD;SSE2;FM_SQRT;A_NA;S_YES;T_FP;DATASZ_64b;DATASZ_64b;2;OPRN_MEMORY_MEM64b_READ;OPRN_REGISTER_XMM_WRITE;;;0;
SQRTSS;SSE;FM_SQRT;A_NA;S_YES;T_FP;DATASZ_32b;DATASZ_32b;2;OPRN_MEMORY_MEM32b_READ;OPRN_REGISTER_XMM_WRITE;;;0;
STMXCSR;SSE;FM_ENV;A_NA;S_NO;T_UNDEF;DATASZ_32b;DATASZ_UNDEF;1;OPRN_MEMORY_MEM32b_WRITE;;;;0;
SUBPD;SSE2;FM_SUB;A_NA;S_YES;T_FP;DATASZ_64b;DATASZ_128b;2;OPRN_MEMORY_MEM128b_READ;OPRN_REGISTER_XMM_READ_WRITE;;;0;
SUBPS;SSE;FM_SUB;A_NA;S_YES;T_FP;DATASZ_32b;DATASZ_128b;2;OPRN_MEMORY_MEM128b_READ;OPRN_REGISTER_XMM_READ_WRITE;;;0;
SUBSD;SSE2;FM_SUB;A_NA;S_YES;T_FP;DATASZ_64b;DATASZ_64b;2;OPRN_MEMORY_MEM64b_READ;OPRN_REGISTER_XMM_READ_WRITE;;;0;
SUBSS;SSE;FM_SUB;A_NA;S_YES;T_FP;DATASZ_32b;DATASZ_32b;2;OPRN_MEMORY_MEM32b_READ;OPRN_REGISTER_XMM_READ_WRITE;;;0;
UCOMISD;SSE2;FM_CMP;A_NA;S_YES;T_FP;DATASZ_64b;DATASZ_64b;2;OPRN_MEMORY_MEM64b_READ;OPRN_REGISTER_XMM_READ;;;0;
UCOMISS;SSE;FM_CMP;A_NA;S_YES;T_FP;DATASZ_32b;DATASZ_32b;2;OPRN_MEMORY_MEM32b_READ;OPRN_REGISTER_XMM_READ;;;0;
UNPCKHPD;SSE2;FM_MERGE;A_NA;S_YES;T_FP;DATASZ_64b;DATASZ_64b;2;OPRN_MEMORY_MEM128b_READ;OPRN_REGISTER_XMM_READ_WRITE;;;0;
UNPCKHPS;SSE;FM_MERGE;A_NA;S_YES;T_FP;DATASZ_32b;DATASZ_64b;2;OPRN_MEMORY_MEM128b_READ;OPRN_REGISTER_XMM_READ_WRITE;;;0;
UNPCKLPD;SSE2;FM_MERGE;A_NA;S_YES;T_FP;DATASZ_64b;DATASZ_64b;2;OPRN_MEMORY_MEM128b_READ;OPRN_REGISTER_XMM_READ_WRITE;;;0;
UNPCKLPS;SSE;FM_MERGE;A_NA;S_YES;T_FP;DATASZ_32b;DATASZ_64b;2;OPRN_MEMORY_MEM128b_READ;OPRN_REGISTER_XMM_READ_WRITE;;;0;
XORPD;SSE2;FM_XOR;A_NA;S_YES;T_FP;DATASZ_64b;DATASZ_128b;2;OPRN_MEMORY_MEM128b_READ;OPRN_REGISTER_XMM_READ_WRITE;;;0;
XORPS;SSE;FM_XOR;A_NA;S_YES;T_FP;DATASZ_32b;DATASZ_128b;2;OPRN_MEMORY_MEM128b_READ;OPRN_REGISTER_XMM_READ_WRITE;;;0;
